Date,Time of Interview,Number of Anglers Fishing in boat,target spp,Time Angler started fishing,Time Angler stopped fishing,,Total hrs fished,Interview location,Angler residency,# Of days planned fishing,Catch Killed,,,,,,Catch Released,,,,,,No Anglers X Hrs fished,CPUE,Total Sk Catch + Rel,HPUE,Daily Boat Effort,Mean Ang per Boat,Daily Harvest Estimate,Angler Potentital Harvest (Bag Limit = 2 Sk)
,,,,,,,,,,,Sockeye,Rainbow,Lake Trout,Whitefish,Burbot,Coho,Sockeye,Rainbow,Lake Trout,Whitefish,Burbot,Coho,No Anglers X Hrs fished,,,,,,,
8/1/23,14:35,4,Sk,11:30,14:30,3:00,3,LB,Topley,season,0,,,,,,0,4,,,,,12.00,,0.00,,,,,
8/1/23,17:05,2,Sk,10:30,17:00,6:30,6.5,CD,Prince Geo,2,4,,,,,,0,,,,,,13.00,,4.00,,,,,
8/1/23,18:40,3,Sk,15:30,18:40,3:10,3.17,CD,Smithers,6,0,,,,,,0,,,,,,9.50,,0.00,,,,,
8/1/23,19:25,2,Sk,17:00,19:20,2:20,2.33,LB,Telkwa,7,0,,,,,,0,,,,,,4.67,,0.00,,,,,
Totals,4.00,11,,,,,15,,,,4,,,,,,0,,,,,,39.17,0.102,4.00,0.10212766,70,2.75,19.65957447,385
,,,,,,,,,,,,,,,,,,,,,,,,,,,,,,
8/2/23,11:45,2,Sk,9:30,11:40,2:10,2.17,GM,Houston,1,4,,,,,,,,,,,,4.33,,4,,,,,
8/2/23,12:05,2,Sk,9:30,11:30,2:00,2.00,GM,Granisle,season,3,,,,,,,,,,,,4.00,,3,,,,,
8/2/23,13:30,3,Sk,8:30,13:00,4:30,4.50,RB,Houston,1,2,,,,,,,,,,,,13.50,,2,,,,,
8/2/23,13:40,2,Sk,10:00,13:15,3:15,3.25,RB,Prince Geo,2,1,,,,,,,,,,,,6.50,,1,,,,,
8/2/23,14:40,3,Sk,10:30,14:30,4:00,4.00,LB,Telkwa,6,0,,,,,,,,,,16,,12.00,,0,,,,,
8/2/23,19:35,2,Sk,6:30,19:30,13:00,13.00,CD,Prince Geo,1,1,,,,,,,,,,,,26.00,,1,,,,,
Totals,6.00,14,,,,,28.92,,,,11,,,,,,0,,,,,,66.33,0.166,11.00,0.165829146,70,2.333333333,27.08542714,327
,,,,,,,,,,,,,,,,,,,,,,,,,,,,,,
8/3/23,12:45,1,Sk,11:30,12:40,1:10,1.17,GM,Vancouver,4,1,,,,,,,,,,,,1.17,,1,,,,,
8/3/23,13:10,2,Sk,10:00,13:00,3:00,3.00,CD,Prince Geo,4,,2,,,,,5,,2,,,,6.00,,5,,,,,
8/3/23,13:15,1,Sk,9:30,13:10,3:40,3.67,GM,Granisle,season,1,,,,,,,,,,,,3.67,,1,,,,,
8/3/23,13:45,3,Sk,10:00,13:20,3:20,3.33,LB,Smithers,3,0,,,,,,,2,,,,,10.00,,0,,,,,
8/3/23,13:50,2,Sk,9:30,13:00,3:30,3.50,LB,Telkwa,5,1,,,,,,,4,1,,,,7.00,,1,,,,,
8/3/23,14:30,2,Sk,9:00,14:00,5:00,5.00,RB,Prince Geo,1,4,,,,,,1,2,,,,,10.00,,5,,,,,
8/3/23,14:50,2,Sk,10:30,14:30,4:00,4.00,RB,Prince Geo,1,3,,,,,,1,2,,,,,8.00,,4,,,,,
8/3/23,15:15,2,Sk,14:00,15:00,1:00,1.00,CD,Prince Geo,4,,2,,,,,2,,,,,,2.00,,2,,,,,
8/3/23,15:20,2,Sk,9:00,15:00,6:00,6.00,RB,Houston,2,3,,,,,,,4,,,,,12.00,,3,,,,,
8/3/23,17:20,2,Sk,16:00,17:00,1:00,1.00,GM,Houston,2,0,,,,,,,,,,,,2.00,,0,,,,,
8/3/23,18:10,1,Sk,12:00,18:00,6:00,6.00,GM,Smithers,2,2,,,,,,,,,,,,6.00,,2,,,,,
8/3/23,18:15,1,Sk,15:00,17:30,2:30,2.50,GM,Granisle,season,0,,,,,,,,,,,,2.50,,0,,,,,
8/3/23,18:40,2,Sk,9:00,15:00,6:00,6.00,BL,Houston,2,2,,,,,,,,,,,,12.00,,2,,,,,
8/3/23,18:45,2,Sk,10:00,14:30,4:30,4.50,BL,Houston,6,3,,,,,,,,,,,,9.00,,3,,,,,
Totals,14.00,25,,,,2.11,50.67,,,,13,,,,,,9,,,,,,91.33,0.318,29.00,0.142,144,1.785714286,36.60062565,514
,,,,,,,,,,,,,,,,,,,,,,,,,,,,,,
8/4/23,12:20,2,Sk,10:00,12:00,2:00,2,RB,Prince Geo,14,2,,,,,,0,1,,,,,4.00,,2,,,,,
8/4/23,12:40,4,Sk,7:30,12:20,4:50,4.83,RB,Prince Geo,3,3,,,,,,0,,,,,,19.33,,3,,,,,
8/4/23,14:05,2,Sk,6:30,12:00,5:30,5.50,GM,Smithers,2,2,,,,,,0,,,,,,11.00,,2,,,,,
8/4/23,14:40,2,Sk,10:00,14:40,4:40,4.67,GM,Telkwa,1,0,,,,,,0,,,,,,9.33,,0,,,,,
8/4/23,15:15,2,Sk,14:00,15:00,1:00,1.00,CD,Smithers,4,,,,,,,1,1,,,,,2.00,,1,,,,,
8/4/23,15:15,4,Sk,10:00,14:30,4:30,4.50,RB,Prince Geo,2,2,,,,,,0,,,,,,18.00,,2,,,,,
8/4/23,18:10,2,Sk,16:00,18:00,2:00,2.00,LB,Burns Lk,7,3,,,,,,0,,,,,.,4.00,,3,,,,,
8/4/23,18:25,2,Sk,17:00,18:25,1:25,1.42,RB,Smithers,,1,,,,,,1,2,,,,,2.83,,2,,,,,
8/4/23,19:45,2,Sk,16:00,19:30,3:30,3.50,CD,Alberta,10,2,,,,,,0,,,,,,7.00,,2,,,,,
Totals,9.00,22,,,,29.42,29.42,,,,15,,,,,,2,,,,,,77.50,0.219,17.00,0.194,288,2.444444444,136.2580645,1408
,,,,,,,,,,,,,,,,,,,,,,,,,,,,,,
,,,,,,,,,,,,,,,,,,,,,,,,,,,,,,
8/5/23,12:00,2,Sk,9:00,12:00,3:00,3.00,GM,Topley,7,4,,,,,,0,,,,,,6.00,,4,,,,,
8/5/23,12:10,4,Sk,10:00,12:00,2:00,2.00,CD,Smithers,4,,1,,,,,0,,,,,,8.00,,0,,,,,
8/5/23,12:15,4,Sk,10:30,12:10,1:40,1.67,CD,Vanderhoof,4,1,,,,,,0,,,,,,6.67,,1,,,,,
8/5/23,12:20,2,Sk,10:30,12:15,1:45,1.75,CD,Smithers,4,3,,,,,,3,,,,,,3.50,,6,,,,,
8/5/23,12:35,3,Sk,10:00,12:30,2:30,2.50,LB,Smithers,3,2,,,,,,0,,,,,,7.50,,2,,,,,
8/5/23,13:00,2,Sk,9:00,13:00,4:00,4.00,RB,Telkwa,1,2,,,,,,0,,,,,,8.00,,2,,,,,
8/5/23,13:30,2,Sk,9:00,13:30,4:30,4.50,RB,Houston,1,0,,,,,,0,,,,,,9.00,,0,,,,,
8/5/23,13:40,2,Sk,11:30,13:30,2:00,2.00,CD,Houston,4,,4,,,,,0,,,,,,4.00,,0,,,,,
8/5/23,14:00,4,Sk,11:00,13:45,2:45,2.75,,Prince Geo,2,3,,,,,,2,,,,,,11.00,,5,,,,,
8/5/23,14:00,2,Sk,7:00,9:30,2:30,2.50,BL,Quesnel,7,1,,,,,,0,1,,,,,5.00,,1,,,,,
8/5/23,14:40,4,SK,10:00,14:30,4:30,4.50,CD,Houston,2,,,,,,,2,,,,,,18.00,,2,,,,,
8/5/23,14:50,3,Sk,10:00,14:45,4:45,4.75,CD,Vanderhoof,4,7,,,,,,0,2,,1,,,14.25,,7,,,,,
8/5/23,15:00,6,Sk,12:00,15:00,3:00,3.00,GM,Houston,1,2,,,,,,0,2,,,,,18.00,,2,,,,,
8/5/23,15:10,2,Sk,11:00,15:00,4:00,4.00,GM,Prince Geo,3,0,1,,,,,0,,,,,,8.00,,0,,,,,
8/5/23,15:15,2,Sk,7:00,15:00,8:00,8.00,GM,Houston,3,1,,,,,,0,1,,,,,16.00,,1,,,,,
8/5/23,15:15,4,Sk,11:00,15:00,4:00,4.00,CD,Prince Geo,4,1,1,,,,,0,2,,1,,,16.00,,1,,,,,
8/5/23,15:20,4,Sk,13:00,15:00,2:00,2.00,CD,Vanderhoof,4,1,,,,,,0,,,,,,8.00,,1,,,,,
8/5/23,15:30,2,Sk,9:00,15:30,6:30,6.50,GM,Topley,2,0,,1,,,,0,,,,,,13.00,,0,,,,,
8/5/23,17:00,2,Sk,11:30,17:00,5:30,5.50,GM,Houston,2,4,,,,,,0,1,,,,,11.00,,4,,,,,
8/5/23,17:15,2,Sk,12:30,17:15,4:45,4.75,GM,Burns Lk,1,1,,,,,,0,,,,,,9.50,,1,,,,,
8/5/23,17:30,1,Sk,16:30,17:30,1:00,1.00,GM,Vancouver,2,0,,,,,,0,,,,,,1.00,,0,,,,,
8/5/23,17:35,4,Sk,12:30,17:40,5:10,5.17,GM,Prince Geo,2,1,,,,,,0,2,,,,,20.67,,1,,,,,
8/5/23,18:05,4,Sk,11:30,18:00,6:30,6.50,RB,Smithers,1,0,,,,,,2,1,,,,,26.00,,2,,,,,
8/5/23,18:10,4,Sk,12:00,17:30,5:30,5.50,RB,Vanderhoof,2,0,,,,,,1,,,,,,22.00,,1,,,,,
8/5/23,18:20,3,Sk,16:00,18:15,2:15,2.25,CD,Prince Geo,4,1,1,,,,,0,,,,,,6.75,,1,,,,,
Totals,25.00,74,,,,,94.08,,,,35,,,,,,10,,,,,,276.83,0.163,45.00,0.126,570,2.96,213.3124624,3374
,,,,,,,,,,,,,,,,,,,,,,,,,,,,,,
8/6/23,9:50,2,Sk,6:00,8:00,2:00,2,RB,Smithers,3,4,,,,,,0,1,,,,,4.00,,4,,,,,
8/6/23,10:50,3,Sk,7:00,10:50,2:00,2.00,LB,Smithers,3,0,,,,,,0,1,,,,,6.00,,0,,,,,
8/6/23,10:50,3,Sk,7:30,10:45,3:50,3.83,CD,Prince Geo,4,2,,,,,,0,,,,,,11.50,,2,,,,,
8/6/23,11:00,2,Sk,8:00,11:00,3:15,3.25,LB,Houston,3,4,,,,,,0,2,,,,,6.50,,4,,,,,
8/6/23,11:05,2,Sk,8:00,11:00,3:00,3.00,LB,Burns Lk,,0,,,,,,0,,,,,,6.00,,0,,,,,
8/6/23,12:00,2,Sk,6:00,12:00,3:00,3.00,CD,Vanderhoof,3,2,,,,,,0,,,,,,6.00,,2,,,,,
8/6/23,12:30,4,Sk,8:30,12:15,6:00,6.00,CD,Prince Geo,4,5,,,,,,0,2,3,,,,24.00,,5,,,,,
8/6/23,12:40,2,Sk,10:00,12:40,3:45,3.75,RB,Burns Lk,2,1,,,,,,0,,,,,,7.50,,1,,,,,
8/6/23,12:50,2,Sk,9:00,12:50,2:40,2.67,GM,Quesnel,3,1,,,,,,0,,,,,,5.33,,1,,,,,
8/6/23,13:00,3,Sk,11:00,13:00,3:50,3.83,GM,Granisle,season,1,,,,,,0,1,,,,,11.50,,1,,,,,
8/6/23,13:10,3,Sk,8:00,13:10,2:00,2.00,GM,Granisle,2,6,,1,,,,0,,,,,,6.00,,6,,,,,
8/6/23,13:25,4,Sk,9:00,13:00,5:10,5.17,GM,Burns Lk,2,2,,,,,,0,,,,,,20.67,,2,,,,,
8/6/23,13:55,3,Sk,11:00,13:55,4:00,4.00,GM,Granisle,season,6,,,,,,0,2,,,,,12.00,,6,,,,,
8/6/23,14:00,4,Sk,12:15,13:45,2:55,2.92,CD,Smithers,4,2,,,,,,5,,,,,,11.67,,7,,,,,
8/6/23,14:50,2,Sk,11:00,14:50,1:30,1.50,RB,Burns Lk,2,3,,,,,,0,2,,,,,3.00,,3,,,,,
8/6/23,15:15,2,Sk,14:00,15:15,3:50,3.83,GM,Houston,2,0,,,,,,0,,,,,,7.67,,0,,,,,
8/6/23,15:20,2,Sk,10:30,15:20,1:15,1.25,GM,Topley,1,1,,,,,,1,1,,,,,2.50,,2,,,,,
8/6/23,17:00,2,Sk,14:00,15:00,4:50,4.83,LB,Smithers,2,1,,,,,,0,,,,,,9.67,,1,,,,,
8/6/23,17:20,2,Sk,7:00,15:00,1:00,1.00,BL,Prince Geo,2,4,,1,,,,0,,,,,,2.00,,4,,,,,
8/6/23,17:30,4,Sk,14:00,16:00,8:00,8.00,BL,Alberta,2,1,,,,,,0,1,,,,,32.00,,1,,,,,
8/6/23,17:40,3,Sk,12:00,14:00,2:00,2.00,BL,Houston,3,6,,,,,,0,,,,,,6.00,,6,,,,,
8/6/23,17:45,2,Sk,15:00,17:30,2:00,2.00,,Prince Geo,4,1,,,,,,0,3,,,,,4.00,,1,,,,,
Totals,22.00,58,,,,,71.83,,,,53,,,,,,6,,,,,,205.50,0.287,59.00,0.258,780,2.636363636,530.3516921,4113
,,,,,,,,,,,,,,,,,,,,,,,,,,,,,,
8/7/23,11:45,3,Sk,8:00,11:30,3:30,3.50,CD,Houston,4,1,,,,,,3,,,,,,10.50,,4,,,,,
8/7/23,13:15,5,Sk,7:30,13:00,3:30,3.50,RB,Fraser Lk,0,5,,,,,,0,,,,,,17.50,,5,,,,,
8/7/23,13:15,5,sk,7:30,13:00,5:30,5.50,RB,Fraser Lk,0,6,,,,,,0,,,,,,27.50,,6,,,,,
8/7/23,13:25,2,Sk,10:00,11:00,5:30,5.50,RB,Smithers,14,1,,,,,,0,,,,,,11.00,,1,,,,,
8/7/23,13:35,4,Sk,11:30,13:20,1:00,1.00,RB,Smithers,10,3,,,,,,0,,,,,,4.00,,3,,,,,
8/7/23,13:45,4,Sk,11:30,13:00,1:50,1.83,LB,Telkwa,1,1,2,,,,,0,,,,,,7.33,,1,,,,,
8/7/23,13:50,2,Sk,10:00,13:30,1:30,1.50,LB,Smithers,7,3,,,,,,0,2,,,,,3.00,,3,,,,,
8/7/23,13:55,2,Sk,12:00,13:30,3:30,3.50,LB,Houston,2,1,,,,,,0,,,,,,7.00,,1,,,,,
8/7/23,14:00,4,Sk,11:00,13:15,1:30,1.50,CD,Vanderhoof,1,2,,,,,,0,,,,,,6.00,,2,,,,,
8/7/23,14:10,2,Sk,10:00,14:00,2:15,2.25,CD,Vanderhoof,4,9,,,,,,0,,,,,,4.50,,9,,,,,
8/7/23,14:15,4,Sk,11:00,14:00,4:00,4.00,CD,Prince Geo,3,7,,,,,,0,,,,,,16.00,,7,,,,,
8/7/23,14:20,2,Sk,10:30,14:00,3:00,3.00,GM,Granisle,4,4,,,,,,0,,,,,,6.00,,4,,,,,
8/7/23,14:30,1,Sk,12:00,14:00,3:30,3.50,GM,Smithers,10,2,,,,,,0,,,,,,3.50,,2,,,,,
8/7/23,14:35,1,Sk,10:30,14:00,2:00,2.00,GM,Granisle,season,0,,,,,,0,,,,,,2.00,,0,,,,,
8/7/23,14:40,4,Sk,10:00,14:00,3:30,3.50,GM,Prince Geo,4,8,,,,,,0,1,,,,,14.00,,8,,,,,
8/7/23,14:45,3,Sk,8:00,14:30,4:00,4.00,GM,Houston,2,1,,,,,,0,3,,,,,12.00,,1,,,,,
8/7/23,14:50,4,Sk,10:00,14:00,6:30,6.50,GM,Prince Geo,1,6,,,,,,0,,,,,,26.00,,6,,,,,
8/7/23,15:30,3,Sk,12:00,15:00,4:00,4.00,RB,Telkwa,4,4,,,,,,0,,,,,,12.00,,4,,,,,
8/7/23,15:35,2,Sk,10:30,15:30,3:00,3.00,RB,Granisle,1,2,,,,,,0,2,,,,,6.00,,2,,,,,
8/7/23,15:45,4,Sk,9:00,15:30,5:00,5.00,CD,Prince Geo,1,1,,,,,,0,,,,,,20.00,,1,,,,,
8/7/23,16:30,2,Sk,12:00,16:15,6:30,6.50,CD,Vanderhoof,4,6,,,,,,3,,,,,,13.00,,9,,,,,
8/7/23,16:45,4,Sk,13:00,16:30,4:15,4.25,CD,Vanderhoof,4,1,,,,,,0,1,,,,,17.00,,1,,,,,
8/7/23,17:10,2,Sk,15:00,17:00,3:30,3.50,BL,Topley,1,3,,,,,,0,1,,,,,7.00,,3,,,,,
8/7/23,17:25,3,Sk,15:00,17:15,2:00,2.00,LB,Houston,2,4,,,,,,0,,,,,,6.00,,4,,,,,
8/7/23,17:30,2,Sk,15:00,17:15,2:15,2.25,CD,Houston,3,2,,,,,,0,1,,,,,4.50,,2,,,,,
8/7/23,17:40,2,Sk,14:00,17:00,2:15,2.25,LB,Telkwa,0,0,,,,,,0,,,,,,4.50,,0,,,,,
8/7/23,18:10,2,Sk,14:30,17:30,3:00,3.00,GM,Prince Geo,6,3,,,,,,0,2,,,,,6.00,,3,,,,,
Totals,27.00,78,,,,,91.83,,,,86,,,,,,6,,,,,,273.83,0.336,92.00,0.314,558,2.888888889,506.2641509,3224
,,,,,,,,,,,,,,,,,,,,,,,,,,,,,,
8/8/23,12:10,2,Sk,9:00,11:30,2:30,2.50,RB,Houston,2,1,,,,,,0,,,,,,5.00,,1,,,,,
8/8/23,13:30,4,Sk,9:00,13:00,4:00,4.00,GM,Quesnel,1,0,1,,,,,0,,1,,,,16.00,,0,,,,,
8/8/23,15:00,2,Sk,12:00,15:00,3:00,3.00,GM,Houston,2,2,,,,,,0,,,,,,6.00,,2,,,,,
8/8/23,15:30,2,Sk,13:00,15:30,2:30,2.50,RB,Prince Geo,8,3,,,,,,0,,,,,,5.00,,3,,,,,
8/8/23,16:00,2,Sk,12:00,15:45,3:45,3.75,CD,Topley,1,0,,,,,,0,,,,,,7.50,,0,,,,,
Totals,5.00,12,,,,,15.75,,,,6,,,,,,0,,,,,,39.50,0.152,6.00,0.152,492,2.4,179.3620253,2362
,,,,,,,,,,,,,,,,,,,,,,,,,,,,,,
8/9/23,12:30,2,Sk,11:00,12:00,1:00,1.00,GM,Smithers,6,0,,,,,,0,,,,,,2.00,,0,,,,,
8/9/23,13:30,2,Sk,8:00,11:30,1:00,1.00,RB,Ft St John,2,3,,,,,,0,,,,,,2.00,,3,,,,,
8/9/23,14:00,1,Sk,8:00,14:00,3:30,3.50,RB,Ft St John,1,2,,,,,,0,,,,,,3.50,,2,,,,,
8/9/23,14:10,2,Sk,8:00,13:30,6:00,6.00,RB,Prince Geo,season,3,,,,,,4,,,,,,12.00,,7,,,,,
8/9/23,14:15,2,Sk,8:00,13:45,5:30,5.50,RB,Houston,4,0,,,,,,0,2,,,,,11.00,,0,,,,,
8/9/23,14:20,2,Sk,9:00,14:00,5:45,5.75,RB,Prince Geo,2,4,,,,,,0,,,,,,11.50,,4,,,,,
8/9/23,14:25,2,Sk,8:00,14:30,5:00,5.00,RB,Prince Geo,2,4,,,,,,0,,,,,,10.00,,4,,,,,
8/9/23,15:10,2,Sk,12:00,14:00,2:00,2.00,LB,Houston,8,1,,,,,,0,1,,,,,4.00,,1,,,,,
8/9/23,15:50,1,Sk,14:00,15:45,1:45,1.75,BL,Vanderhoof,2,0,,,,,,0,,,,,,1.75,,0,,,,,
8/9/23,16:25,2,Sk,,,1:45,1.75,CD,Houston,2,0,,,,,,0,,,,,,3.50,,0,,,,,
8/9/23,18:00,5,Sk,9:00,18:00,9:00,9.00,CD,Prince Geo,season,8,,,,,,0,,,,,,45.00,,8,,,,,
8/9/23,18:00,5,Sk,12:30,18:00,5:30,5.50,CD,Prince Geo,season,10,,,,,,0,,,,,,27.50,,10,,,,,
Totals,12.00,28,,,,,47.75,,,,35,,,,,,4,,,,,,133.75,0.292,39.00,0.262,492,2.333333333,300.411215,2296
,,,,,,,,,,,,,,,,,,,,,,,,,,,,,,
8/10/23,12:10,2,Sk,7:00,12:00,5:00,5.00,GM,Topley,1,0,,,,,,1,,,,,,10.00,,1,,,,,
8/10/23,12:20,2,Sk,10:00,12:00,2:00,2.00,GM,Houston,2,1,,,,,,0,2,,,,,4.00,,1,,,,,
8/10/23,12:30,3,Sk,11:00,12:30,1:30,1.50,GM,Granisle,season,4,,,,,,0,,,,,,4.50,,4,,,,,
8/10/23,12:40,2,Sk,10:00,12:45,2:45,2.75,LB,Topley,6,0,,,,,,0,1,,1,,,5.50,,0,,,,,
8/10/23,12:50,2,Sk,10:00,12:45,2:45,2.75,LB,Topley,6,0,,,,,,0,1,,,,,5.50,,0,,,,,
8/10/23,13:10,2,Sk,9:45,13:00,3:15,3.25,CD,Houston,3,4,,,,,,2,,,,,,6.50,,6,,,,,
8/10/23,13:55,3,Sk,10:30,13:30,3:00,3.00,RB,Houston,2,1,,,,,,0,,,,,,9.00,,1,,,,,
8/10/23,14:45,4,Sk,8:00,14:00,6:00,6.00,CD,Burns Lake,2,8,,,,,,2,,,,,,24.00,,10,,,,,
8/10/23,15:45,2,Sk,11:30,15:30,4:00,4.00,RB,Prince Geo,4,2,,,,,,0,,,,,,8.00,,2,,,,,
8/10/23,16:30,4,Sk,13:00,16:15,3:15,3.25,RB,Houston,2,4,,,,,,0,,,,,,13.00,,4,,,,,
8/10/23,17:00,3,Sk,12:00,16:30,4:30,4.50,GM,Ft St John,season,4,,,,,,0,,,,,,13.50,,4,,,,,
8/10/23,17:20,2,Sk,14:00,17:00,3:00,3.00,GM,Houston,4,2,,,,,,0,1,,,,,6.00,,2,,,,,
8/10/23,18:00,3,Sk,14:00,18:00,4:00,4.00,RB,Prince Geo,4,4,,,,,,0,2,,,,,12.00,,4,,,,,
8/10/23,18:20,2,Sk,15:00,18:00,3:00,3.00,RB,Vanderhoof,2,1,,,,,,0,1,,,,,6.00,,1,,,,,
8/10/23,19:15,4,Sk,10:00,19:00,9:00,9.00,CD,Ft St John,3,2,1,,,,,0,,,,,,36.00,,2,,,,,
Totals,15.00,40,,,,,57.00,,,,37,,,,,,5,,,,,,163.50,0.257,42.00,0.226,426,2.666666667,1136,2272
,,,,,,,,,,,,,,,,,,,,,,,,,,,,,,
8/11/23,12:50,4,Sk,9:30,11:30,2:00,2.00,CD,Houston,3,8,,,,,,0,,,,,,8.00,,8,,,,,
8/11/23,13:10,2,Sk,10:00,15:00,5:00,5.00,CD,Houston,3,2,,,,,,2,,,,,,10.00,,4,,,,,
8/11/23,13:30,2,Sk,10:30,13:30,5:00,5.00,CD,Prince George,2,4,,,,,,0,,,,,,10.00,,4,,,,,
8/11/23,13:35,2,Sk,10:30,13:30,3:00,3.00,CD,Prince George,2,1,,,,,,0,,,,,,6.00,,1,,,,,
8/11/23,13:40,2,Sk,11:00,13:30,3:00,3.00,CD,Prince George,1,2,,,,,,0,,,,,,6.00,,2,,,,,
8/11/23,14:10,2,Sk,12:00,14:00,2:30,2.50,CD,Calgary,3,2,,,,,,0,,,,,,5.00,,2,,,,,
8/11/23,15:30,4,Sk,14:00,15:00,2:00,2.00,CD,Ft St John,3,2,1,,,,,0,,,,,,8.00,,2,,,,,
8/11/23,17:00,3,Sk,14:30,17:00,1:00,1.00,CD,100 Mile,3,1,,,,,,0,,,,,,3.00,,1,,,,,
8/11/23,17:20,4,Sk,16:00,17:00,2:30,2.50,CD,Houston,3,4,,,,,,0,,,,,,10.00,,4,,,,,
8/11/23,19:50,3,Sk,17:00,19:30,1:00,1.00,CD,Prince George,3,4,,,,,,0,,,,,,3.00,,4,,,,,
Totals,10.00,28,,,,,27.00,,,,30,,,,,,2,,,,,,69.00,0.464,32.00,0.435,348,2.8,423.6521739,1949
,,,,,,,,,,,,,,,,,,,,,,,,,,,,,,
8/12/23,12:45,2,Sk,9:00,11:00,2:00,2.00,CD,Houston,4,2,,,,,,0,,,,,,4.00,,2,,,,,
8/12/23,12:50,2,Sk,10:00,12:00,2:00,2.00,CD,Prince George,4,1,,,,,,0,,,,,,4.00,,1,,,,,
8/12/23,14:30,3,Sk,13:00,14:30,1:30,1.50,CD,Houston,4,4,,,,,,0,,,,,,4.50,,4,,,,,
8/12/23,16:35,5,Sk,14:30,16:30,2:00,2.00,CD,Houston,4,5,,,,,,0,,,,,,10.00,,5,,,,,
8/12/23,17:15,3,Sk,9:00,17:00,8:00,8.00,CD,Prince George,3,1,1,,,,,0,,,,,,24.00,,1,,,,,
8/12/23,17:40,4,Sk,15:00,17:30,2:30,2.50,CD,Prince George,3,2,,,,,,0,,,,,,10.00,,2,,,,,
8/12/23,17:45,3,Sk,14:30,17:30,3:00,3.00,CD,Prince George,3,2,,,,,,0,,,,,,9.00,,2,,,,,
8/12/23,18:15,2,Sk,15:00,18:00,3:00,3.00,CD,Prince George,3,1,,,,,,0,,,,,,6.00,,1,,,,,
8/12/23,18:20,3,Sk,14:00,18:00,4:00,4.00,CD,100 Mile,3,5,,,,,,0,,,,,,12.00,,5,,,,,
8/12/23,18:30,2,Sk,14:30,18:30,4:00,4.00,CD,Prince George,2,2,,,,,,0,,,,,,8.00,,2,,,,,
8/12/23,19:10,4,Sk,13:00,19:00,6:00,6.00,CD,Prince George,4,6,,,,,,0,,,,,,24.00,,6,,,,,
Totals,11.00,33,,,,,38.00,,,,31,,,,,,0,,,,,,115.50,0.268,31.00,0.268,786,3,632.8831169,4716
,,,,,,,,,,,,,,,,,,,,,,,,,,,,,,
8/13/23,12:00,3,Sk,7:00,12:00,5:00,5.00,CD,Houston,,5,,,,,,0,,,,,,15.00,,5,,,,,
8/13/23,13:05,2,Sk,10:00,13:00,3:00,3.00,CD,Houston,5,2,,,,,,0,,,,,,6.00,,2,,,,,
8/13/23,13:15,3,Sk,9:00,13:00,4:00,4.00,RB,Fraser Lk,,5,,,,,,0,,,,,,12.00,,5,,,,,
8/13/23,13:30,2,Sk,10:30,13:00,2:30,2.50,CD,Prince George,4,1,,,,,,0,,,,,,5.00,,1,,,,,
8/13/23,13:32,4,Sk,7:00,13:00,6:00,6.00,RB,Fraser Lk,,4,,,,,,0,1,,,,,24.00,,4,,,,,
8/13/23,13:35,4,Sk,9:30,13:30,4:00,4.00,RB,Telkwa,,0,,1,,,,0,,1,,,,16.00,,0,,,,,
8/13/23,13:45,4,Sk,8:30,13:30,5:00,5.00,RB,Vanderhoof,,3,,,,,,0,,,,,,20.00,,3,,,,,
8/13/23,13:49,4,Sk,9:00,13:30,4:30,4.50,RB,Vanderhoof,,2,,,,,,0,,,,,,18.00,,2,,,,,
8/13/23,13:51,4,Sk,7:00,13:00,6:00,6.00,RB,Vanderhoof,,2,,,,,,0,,,,,,24.00,,2,,,,,
8/13/23,16:00,3,Sk,6:00,15:00,9:00,9.00,LB,Smithers,,1,,,,,,0,,,,,,27.00,,1,,,,,
8/13/23,16:45,4,Sk,10:00,16:30,6:30,6.50,CD,Vanderhoof,1,7,,,,,,0,,,,,,26.00,,7,,,,,
8/13/23,16:50,2,Sk,13:00,16:45,3:45,3.75,CD,Prince George,7,2,,,,,,0,,,,,,7.50,,2,,,,,
8/13/23,17:00,2,Sk,9:00,15:30,6:30,6.50,LB,Vanderhoof,,2,,,,,,0,,,,,,13.00,,2,,,,,
8/13/23,17:15,3,Sk,13:30,17:00,3:30,3.50,CD,Calgary,1,0,1,,,,,0,,,,,,10.50,,0,,,,,
8/13/23,17:30,5,Sk,8:00,15:00,7:00,7.00,RB,Fraser Lk,,5,,,,,,0,2,,,,,35.00,,5,,,,,
8/13/23,17:39,2,Sk,12:30,17:30,5:00,5.00,RB,Chetwynd,,2,,,,,,0,,,,,,10.00,,2,,,,,
8/13/23,17:45,3,Sk,14:00,17:40,3:40,3.67,RB,Houston,,0,,,,,,0,,,,,,11.00,,0,,,,,
8/13/23,18:05,4,Sk,14:30,17:50,3:20,3.33,RB,Houston,,1,,,,,,0,,,,,,13.33,,1,,,,,
8/13/23,18:10,8,Sk,10:00,18:00,8:00,8.00,CD,Alberta,4,20,,,,,,0,,,,,,64.00,,20,,,,,
8/13/23,18:30,3,Sk,14:30,18:30,4:00,4.00,CD,Prince George,1,2,,,,,,0,,,,,,12.00,,2,,,,,
8/13/23,18:45,2,Sk,16:00,18:30,2:30,2.50,CD,Houston,,4,,,,,,0,,,,,,5.00,,4,,,,,
8/13/23,18:55,4,Sk,13:00,18:30,5:30,5.50,CD,Prince George,3,2,,,,,,0,,,,,,22.00,,2,,,,,
Totals,22.00,75,,,,,108.25,,,,72,,,,,,0,,,,,,396.33,0.182,72.00,0.182,558,3.409090909,345.576879,3805
,,,,,,,,,,,,,,,,,,,,,,,,,,,,,,
8/14/23,10:40,2,Sk,9:30,10:30,1:00,1.00,CD,Prince George,4,2,,,,,,0,,,,,,2.00,,2,,,,,
8/14/23,11:20,2,Sk,9:00,11:00,2:00,2.00,CD,Prince George,3,1,,,,,,0,,,,,,4.00,,1,,,,,
8/14/23,11:30,2,Sk,10:00,11:30,1:30,1.50,CD,Houston,,3,,,,,,0,,,,,,3.00,,3,,,,,
8/14/23,12:10,2,sk,10:00,12:00,2:00,2.00,GM,Smithers,7,4,,,,,,0,,,,,,4.00,,4,,,,,
8/14/23,12:30,3,Sk,11:00,12:30,1:30,1.50,CD,Prince George,4,2,,,,,,0,,,,,,4.50,,2,,,,,
8/14/23,12:30,3,Sk,10:30,12:15,1:45,1.75,GM,Topley,season,1,,,,,,0,2,,,,,5.25,,1,,,,,
8/14/23,13:15,5,Sk,11:00,13:00,2:00,2.00,RB,Prince Geo,7,6,,,,,,0,,,,,,10.00,,6,,,,,
8/14/23,13:25,1,Sk,9:00,13:00,4:00,4.00,RB,Prince Geo,7,2,,,,,,0,,,,,,4.00,,2,,,,,
8/14/23,13:30,2,Sk,10:30,13:15,2:45,2.75,RB,Prince Geo,1,2,,,,,,0,1,,,,,5.50,,2,,,,,
8/14/23,13:30,3,Sk,8:00,13:30,5:30,5.50,CD,Prince George,1,4,,,,,,0,,,,,,16.50,,4,,,,,
8/14/23,13:35,4,Sk,8:30,13:30,5:00,5.00,RB,Vanderhoof,4,8,,,,,,0,,,,,,20.00,,8,,,,,
8/14/23,13:35,3,Sk,9:00,13:20,4:20,4.33,RB,Prince Geo,2,6,,,,,,0,,,,,,13.00,,6,,,,,
8/14/23,13:40,4,Sk,10:00,13:30,3:30,3.50,CD,Prince George,4,7,,,,,,0,,,,,,14.00,,7,,,,,
8/14/23,14:00,2,Sk,9:30,13:30,4:00,4.00,LB,Burns Lk,4,4,,,,,,0,,,,,,8.00,,4,,,,,
8/14/23,14:10,2,Sk,11:00,13:30,2:30,2.50,LB,Topley,2,1,,,,,,0,,,,,,5.00,,1,,,,,
8/14/23,14:15,2,Sk,12:00,14:00,2:00,2.00,GM,Granisle,2,0,,,,,,0,,,,,,4.00,,0,,,,,
8/14/23,14:30,1,Sk,11:30,14:40,3:10,3.17,GM,Smithers,season,2,,,,,,0,,,,,,3.17,,2,,,,,
8/14/23,14:40,2,Sk,10:30,14:40,4:10,4.17,GM,Granisle,7,2,,,,,,0,,,,,,8.33,,2,,,,,
8/14/23,14:45,2,Sk,10:00,14:30,4:30,4.50,GM,Granisle,3,3,,,,,,0,,,,,,9.00,,3,,,,,
8/14/23,14:50,5,Sk,9:00,14:30,5:30,5.50,GM,Granisle,season,10,,,,,,0,,,,,,27.50,,10,,,,,
8/14/23,15:00,2,Sk,10:00,15:00,5:00,5.00,GM,Granisle,season,3,2,,,,,0,,,,,,10.00,,3,,,,,
8/14/23,15:45,2,Sk,10:00,15:30,5:30,5.50,BL,Prince Geo,2,1,1,,,,,0,,,,,,11.00,,1,,,,,
8/14/23,16:20,3,Sk,14:00,16:00,2:00,2.00,CD,Prince George,4,2,,,,,,0,,,,,,6.00,,2,,,,,
8/14/23,16:20,3,Sk,12:00,16:00,4:00,4.00,BL,Smithers,5,2,,,,,,0,2,,,,,12.00,,2,,,,,
8/14/23,17:00,2,Sk,10:30,14:30,4:00,4.00,RB,Burns Lk,2,4,,,,,,0,,,,,,8.00,,4,,,,,
8/14/23,17:30,1,Sk,14:30,17:00,2:30,2.50,LB,Topley,2,2,,,,,,0,,,,,,2.50,,2,,,,,
8/14/23,18:00,4,Sk,12:00,18:00,6:00,6.00,GM,Houston,2,2,,,,,,0,,,,,,24.00,,2,,,,,
8/14/23,18:10,2,Sk,13:30,18:00,4:30,4.50,GM,Burns Lk,4,2,,,,,,0,3,,,,,9.00,,2,,,,,
8/14/23,18:20,2,Sk,16:00,18:20,2:20,2.33,GM,Telkwa,season,1,,,,,,0,,,,,,4.67,,1,,,,,
8/14/23,18:40,1,Sk,14:00,18:30,4:30,4.50,GM,Houston,7,2,,,,,,0,,,,,,4.50,,2,,,,,
Totals,30.00,74,,,,,103.00,,,,91,,,,,,0,,,,,,262.42,0.347,91.00,0.347,318,2.466666667,272.0116862,1569
,,,,,,,,,,,,,,,,,,,,,,,,,,,,,,
8/15/23,12:20,2,Sk,9:00,12:15,3:15,3.25,GM,Houston,5,4,,,,,,0,,,,,,6.50,,4,,,,,
8/15/23,12:35,1,Sk,10:30,12:30,2:00,2.00,GM,Granisle,season,2,,,,,,0,,,,,,2.00,,2,,,,,
8/15/23,12:35,3,Sk,10:30,12:30,2:00,2.00,GM,Houston,2,4,,,,,,1,2,,,,,6.00,,5,,,,,
8/15/23,12:45,3,Sk,9:30,12:40,3:10,3.17,GM,Topley,7,4,,,,,,0,,,,,,9.50,,4,,,,,
8/15/23,12:50,4,Sk,10:00,12:30,2:30,2.50,GM,Granisle,season,4,,,,,,0,,,,,,10.00,,4,,,,,
8/15/23,13:40,2,Sk,11:30,13:30,2:00,2.00,RB,Williams Lk,season,1,,,,,,0,,,,,,4.00,,1,,,,,
8/15/23,14:45,2,Sk,12:00,13:40,1:40,1.67,RB,Burns Lk,season,2,,,,,,0,,,,,,3.33,,2,,,,,
8/15/23,14:05,3,Sk,9:00,14:00,5:00,5.00,RB,Prince Geo,4,5,,,,,,0,,,,,,15.00,,5,,,,,
8/15/23,14:05,2,Sk,9:00,14:00,5:00,5.00,RB,Dawson Cr,2,2,,,,,,0,,,,,,10.00,,2,,,,,
8/15/23,14:10,4,Sk,10:30,14:00,3:30,3.50,RB,Prince Geo,1,8,,,,,,0,,,,,,14.00,,8,,,,,
8/15/23,14:15,3,Sk,10:00,14:00,4:00,4.00,RB,Smithers,2,6,,,,,,0,,,,,,12.00,,6,,,,,
8/15/23,14:25,2,Sk,11:00,14:15,3:15,3.25,RB,Prince Geo,2,4,,,,,,0,,,,,,6.50,,4,,,,,
8/15/23,15:00,4,Sk,10:00,14:30,4:30,4.50,LB,Houston,2,2,,,,,,0,,,,,,18.00,,2,,,,,
8/15/23,15:10,2,Sk,13:00,15:00,2:00,2.00,LB,Smithers,5,0,,,,,,0,3,,,,,4.00,,0,,,,,
8/15/23,15:25,3,Sk,13:30,15:15,1:45,1.75,RB,Prince Geo,7,2,,,,,,0,,,,,,5.25,,2,,,,,
8/15/23,16:05,2,Sk,14:30,16:05,1:35,1.58,CD,Dawson Cr,5,2,,,,,,0,,,,,,3.17,,2,,,,,
8/15/23,16:20,3,Sk,15:00,16:40,1:40,1.67,CD,Edmonton,2,1,,,,,,0,,,,,,5.00,,1,,,,,
8/15/23,16:40,3,Sk,15:30,16:30,1:00,1.00,CD,Prince Geo,5,0,,,,,,0,,,,,,3.00,,0,,,,,
8/15/23,16:45,4,Sk,15:45,16:45,1:00,1.00,CD,Prince Geo,5,0,,,,,,0,,,,,,4.00,,0,,,,,
8/15/23,17:15,2,Sk,14:00,16:45,2:45,2.75,CD,Prince Geo,2,0,,,,,,0,,,,,,5.50,,0,,,,,
8/15/23,17:20,1,Sk,16:30,17:20,0:50,0.83,CD,Houston,4,0,,,,,,0,,,,,,0.83,,0,,,,,
8/15/23,18:15,3,Sk,15:00,18:00,3:00,3.00,CD,Dawson Cr,2,1,,,,,,0,,,,,,9.00,,1,,,,,
Totals,22.00,58,,,,,57.41666667,,,,54,,,,,,1,,,,,,156.58,0.351,55.00,0.345,360,2.636363636,327.307562,1898
,,,,,,,,,,,,,,,,,,,,,,,,,,,,,,
8/16/23,11:10,1,Sk,7:00,11:00,4:00,4.00,GM,Topley,4,0,1,,,,,0,,,,,,4.00,,0,,,,,
8/16/23,11:15,3,Sk,9:00,11:00,2:00,2.00,GM,Granisle,season,4,,,,,,0,,,,,,6.00,,4,,,,,
8/16/23,11:15,2,Sk,7:00,8:00,1:00,1.00,GM,Granisle,10,4,,,,,,0,,,,,,2.00,,4,,,,,
8/16/23,11:30,2,Sk,8:00,11:15,3:15,3.25,GM,Prince Geo,2,4,,,,,,0,,,,,,6.50,,4,,,,,
8/16/23,11:45,2,Sk,10:00,11:30,1:30,1.50,RB,Prince Geo,1,4,,,,,,0,3,,,,,3.00,,4,,,,,
8/16/23,12:00,4,Sk,9:30,12:00,2:30,2.50,RB,Williams Lk,7,2,,,,,,0,,,,,,10.00,,2,,,,,
8/16/23,12:05,4,Sk,9:00,11:45,2:45,2.75,RB,Prince Geo,5,8,,,,,,0,3,,,,,11.00,,8,,,,,
8/16/23,12:25,2,Sk,9:00,11:30,2:30,2.50,LB,Houston,2,3,,,,,,0,,,,,,5.00,,3,,,,,
8/16/23,12:25,2,Sk,9:00,11:30,2:30,2.50,LB,Topley,season,2,,,,,,0,,,,,,5.00,,2,,,,,
8/16/23,12:35,2,Sk,8:00,12:30,4:30,4.50,GM,Burns Lk,4,3,,,,,,2,,,,,,9.00,,5,,,,,
8/16/23,12:40,1,Sk,9:00,12:30,3:30,3.50,GM,Granisle,season,4,,,,,,0,,,,,,3.50,,4,,,,,
8/16/23,12:50,4,Sk,10:00,13:00,3:00,3.00,GM,Granisle,season,8,,,,,,0,,,,,,12.00,,8,,,,,
8/16/23,13:10,2,Sk,10:00,13:00,3:00,3.00,GM,Houston,3,3,,,,,,1,2,,,,,6.00,,4,,,,,
8/16/23,13:25,2,Sk,9:30,13:15,3:45,3.75,GM,Houston,4,4,,,,,,0,,,,,,7.50,,4,,,,,
8/16/23,13:30,2,Sk,9:00,13:00,4:00,4.00,GM,Houston,7,4,,,,,,0,,,,,,8.00,,4,,,,,
8/16/23,14:10,4,Sk,10:00,14:00,4:00,4.00,RB,Prince Geo,4,6,,,,,,1,3,,,,,16.00,,7,,,,,
8/16/23,14:15,2,Sk,11:30,14:10,2:40,2.67,RB,Prince Geo,4,4,,,,,,0,2,,,,,5.33,,4,,,,,
8/16/23,14:15,3,Sk,10:30,14:00,3:30,3.50,RB,Smithers,2,4,,,,,,0,,,,,,10.50,,4,,,,,
8/16/23,14:45,2,Sk,10:00,14:30,4:30,4.50,LB,Houston,5,3,,,,,,0,,,,,,9.00,,3,,,,,
8/16/23,14:55,3,Sk,11:00,14:45,3:45,3.75,LB,Topley,4,4,,,,,,0,2,,,,,11.25,,4,,,,,
8/16/23,16:50,2,Sk,11:00,16:30,5:30,5.50,CD,Prince Geo,4,4,1,,,,,0,1,,,,,11.00,,4,,,,,
8/16/23,17:40,3,Sk,12:00,17:30,5:30,5.50,CD,Prince Geo,7,4,,,,,,0,,,,,,16.50,,4,,,,,
8/16/23,17:45,3,Sk,15:00,17:30,2:30,2.50,CD,Prince Geo,1,1,,,,,,0,,,,,,7.50,,1,,,,,
8/16/23,17:50,4,Sk,15:45,17:50,2:05,2.08,CD,Kelowna,2,3,,,,,,1,1,,,,,8.33,,4,,,,,
8/16/23,17:55,3,Sk,14:45,17:50,3:05,3.08,CD,Prince Geo,2,2,,,,,,0,,,,,,9.25,,2,,,,,
8/16/23,18:00,2,Sk,12:00,17:30,5:30,5.50,CD,Francois Lk,1,0,,,,,,0,,,,,,11.00,,0,,,,,
Totals,26.00,66,,,,,86.33,,,,92,,,,,,5,,,,,,214.17,0.453,97.00,0.430,360,2.538461538,392.5627058,1828
,,,,,,,,,,,,,,,,,,,,,,,,,,,,,,
8/17/23,11:10,2,Sk,7:00,13:30,6:30,6.50,GM,Granisle,season,4,,,,,,0,,,,,,13.00,,4,,,,,
8/17/23,11:10,3,Sk,8:00,11:00,3:00,3.00,GM,Granisle,season,4,,,,,,0,,,,,,9.00,,4,,,,,
8/17/23,11:15,3,Sk,9:00,11:15,2:15,2.25,GM,Topley,4,4,,,,,,0,,,,,,6.75,,4,,,,,
8/17/23,11:25,2,Sk,8:30,11:00,2:30,2.50,GM,Prince Geo,2,4,,,,,,0,,,,,,5.00,,4,,,,,
8/17/23,11:40,4,Sk,9:00,11:30,2:30,2.50,GM,Granisle,season,6,,,,,,0,,,,,,10.00,,6,,,,,
8/17/23,11:45,4,Sk,9:00,11:00,2:00,2.00,GM,Dawson Cr,1,7,,,,,,0,,,,,,8.00,,7,,,,,
8/17/23,11:45,2,Sk,7:00,11:30,4:30,4.50,GM,Topley,season,2,,,,,,0,,,,,,9.00,,2,,,,,
8/17/23,11:50,2,Sk,9:00,11:45,2:45,2.75,GM,Houston,7,4,,,,,,0,,,,,,5.50,,4,,,,,
8/17/23,12:05,2,Sk,8:00,11:45,3:45,3.75,GM,Alberta,2,0,,,,,,0,,,,,,7.50,,0,,,,,
8/17/23,12:20,3,Sk,8:00,12:00,4:00,4.00,RB,Smithers,4,2,,,,,,2,,,,,,12.00,,4,,,,,
8/17/23,12:30,4,Sk,10:00,12:30,2:30,2.50,RB,Smithers,4,3,,,,,,0,,,,,,10.00,,3,,,,,
8/17/23,12:45,5,Sk,9:30,12:30,3:00,3.00,RB,Smithers,4,2,,,,,,0,3,,,,,15.00,,2,,,,,
8/17/23,12:55,4,Sk,10:00,12:30,2:30,2.50,RB,Prince Geo,5,0,,,,,,0,,,,,,10.00,,0,,,,,
8/17/23,13:00,3,Sk,9:00,13:00,4:00,4.00,CD,Dawson Cr,3,6,,,,,,0,,,,,,12.00,,6,,,,,
8/17/23,13:05,2,Sk,9:00,12:30,3:30,3.50,RB,Houston,1,2,,,,,,0,1,,,,,7.00,,2,,,,,
8/17/23,13:15,2,Sk,9:00,13:00,4:00,4.00,GM,Granisle,7,1,,,,,,0,,,,,,8.00,,1,,,,,
8/17/23,13:25,2,Sk,11:00,13:00,2:00,2.00,GM,Granisle,season,2,,,,,,0,,,,,,4.00,,2,,,,,
8/17/23,13:30,4,Sk,9:00,13:00,4:00,4.00,Gm,Granisle,14,6,,,,,,0,,,,,,16.00,,6,,,,,
8/17/23,13:30,2,Sk,8:00,13:00,5:00,5.00,CD,Prince Geo,3,3,2,,,,,0,,,,,,10.00,,3,,,,,
8/17/23,13:50,2,Sk,11:00,13:30,2:30,2.50,CD,Houston,,1,,,,,,0,,,,,,5.00,,1,,,,,
8/17/23,13:50,3,Sk,11:30,13:30,2:00,2.00,GM,Houston,season,1,,,,,,0,,,,,,6.00,,1,,,,,
8/17/23,14:00,3,Sk,12:00,14:00,2:00,2.00,CD,Dawson Cr,,4,2,,,,,0,,,,,,6.00,,4,,,,,
8/17/23,14:00,1,Sk,12:00,14:00,2:00,2.00,GM,Prince Geo,4,2,,,,,,0,,,,,,2.00,,2,,,,,
8/17/23,14:10,5,Sk,9:00,14:00,5:00,5.00,CD,Houston,2,10,,,,,,0,,,,,,25.00,,10,,,,,
8/17/23,14:15,3,Sk,11:00,14:00,3:00,3.00,CD,Houston,2,1,,,,,,0,,,,,,9.00,,1,,,,,
8/17/23,14:20,4,Sk,12:00,14:15,2:15,2.25,CD,Houston,,7,,,,,,0,,,,,,9.00,,7,,,,,
8/17/23,14:20,4,Sk,10:00,14:00,4:00,4.00,LB,Houston,10,2,,,,,,0,,,,,,16.00,,2,,,,,
8/17/23,14:25,2,Sk,12:00,14:25,2:25,2.42,LB,Smithers,4,1,,,,,,0,2,,,,,4.83,,1,,,,,
8/17/23,14:30,2,Sk,12:00,14:15,2:15,2.25,RB,Houston,4,4,,,,,,1,2,,,,,4.50,,5,,,,,
8/17/23,14:30,3,Sk,12:30,14:30,2:00,2.00,CD,Prince Geo,4,2,,,,,,0,,,,,,6.00,,2,,,,,
8/17/23,14:35,2,Sk,11:00,14:00,3:00,3.00,RB,Prince Geo,1,4,,,,,,0,,,,,,6.00,,4,,,,,
8/17/23,14:45,5,Sk,10:00,14:30,4:30,4.50,RB,Prince Geo,4,0,,,,,,0,,,,,,22.50,,0,,,,,
8/17/23,14:50,3,Sk,12:00,14:40,2:40,2.67,RB,Prince Geo,4,0,,,,,,0,,,,,,8.00,,0,,,,,
8/17/23,15:00,4,Sk,11:00,15:00,4:00,4.00,CD,Williams Lake,4,3,,,,,,0,,,,,,16.00,,3,,,,,
8/17/23,15:30,4,Sk,13:00,15:00,2:00,2.00,RB,Smithers,4,2,,,,,,0,,,,,,8.00,,2,,,,,
8/17/23,16:00,3,Sk,12:00,15:30,3:30,3.50,GM,Burns Lk,5,2,,,,,,0,,,,,,10.50,,2,,,,,
8/17/23,16:15,2,Sk,13:00,15:45,2:45,2.75,GM,Topley,3,1,,,,,,0,,,,,,5.50,,1,,,,,
8/17/23,16:40,2,Sk,13:00,16:30,3:30,3.50,GM,Granisle,7,2,,,,,,0,,,,,,7.00,,2,,,,,
8/17/23,17:00,2,Sk,10:00,16:30,6:30,6.50,RB,Smithers,1,2,,,,,,2,2,,,,,13.00,,4,,,,,
8/17/23,17:00,5,Sk,14:00,17:00,3:00,3.00,CD,Prince Geo,4,2,,,,,,0,,,,,,15.00,,2,,,,,
8/17/23,17:05,2,Sk,11:30,15:30,4:00,4.00,RB,Houston,4,4,,,,,,0,,,,,,8.00,,4,,,,,
8/17/23,17:25,3,Sk,9:00,17:00,8:00,8.00,RB,Prince Geo,1,0,,,,,,0,,,,,,24.00,,0,,,,,
8/17/23,17:45,2,Sk,15:00,17:30,2:30,2.50,CD,Prince Geo,3,4,,,,,,0,,,,,,5.00,,4,,,,,
8/17/23,18:00,2,Sk,14:00,18:00,4:00,4.00,CD,Prince Geo,2,4,,,,,,0,,,,,,8.00,,4,,,,,
8/17/23,18:00,3,Sk,14:00,17:30,3:30,3.50,RB,Prince Geo,3,1,,,,,,0,,,,,,10.50,,1,,,,,
8/17/23,18:30,4,Sk,14:00,18:00,4:00,4.00,CD,Prince Geo,3,4,,,,,,0,,,,,,16.00,,4,,,,,
8/17/23,18:40,4,Sk,15:00,18:30,3:30,3.50,CD,Prince Geo,5,3,,,,,,0,,,,,,14.00,,3,,,,,
Totals,47.00,139,,,,,158.58,,,,135,,,,,,5,,,,,,468.08,0.299,140.00,0.288,402,2.957446809,342.8890261,2378
,,,,,,,,,,,,,,,,,,,,,,,,,,,,,,
8/18/23,12:15,2,Sk,10:00,12:00,2:00,2.00,CD,Houston,,2,,,,,,0,,,,,,4.00,,2,,,,,
8/18/23,12:20,2,Sk,9:00,12:00,3:00,3.00,CD,Prince Geo,2,2,,,,,,0,,,,,,6.00,,2,,,,,
8/18/23,12:30,4,Sk,9:30,12:30,3:00,3.00,BL,Endako,,3,,,,,,0,,,,,,12.00,,3,,,,,
8/18/23,13:10,4,Sk,10:30,12:30,2:00,2.00,BL,Prince Geo,2,1,,,,,,0,,,,,,8.00,,1,,,,,
8/18/23,13:20,4,Sk,10:00,13:00,3:00,3.00,CD,Prince Geo,4,3,,,,,,0,,,,,,12.00,,3,,,,,
8/18/23,13:30,5,Sk,9:00,13:30,4:30,4.50,CD,Prince Geo,4,1,,,,,,0,,,,,,22.50,,1,,,,,
8/18/23,13:50,4,Sk,11:30,13:30,2:00,2.00,CD,Prince Geo,3,4,,,,,,3,,,,,,8.00,,7,,,,,
8/18/23,13:55,3,Sk,9:30,13:30,4:00,4.00,CD,Prince Geo,3,4,,,,,,0,,,,,,12.00,,4,,,,,
8/18/23,13:55,3,Sk,11:30,13:55,2:25,2.42,RB,Prince Geo,,4,,,,,,0,,,,,,7.25,,4,,,,,
8/18/23,14:05,4,Sk,9:00,13:10,4:10,4.17,RB,Smithers,,3,,,,,,0,,,,,,16.67,,3,,,,,
8/18/23,14:25,2,Sk,11:00,14:25,3:25,3.42,LB,Topley,,1,,,,,,0,,,,,,6.83,,1,,,,,
8/18/23,14:30,2,Sk,12:30,14:30,2:00,2.00,CD,Vanderhoof,3,1,,,,,,0,,,,,,4.00,,1,,,,,
8/18/23,14:40,2,Sk,11:00,14:38,3:38,3.63,LB,Grande Prairie,10,,1,,,,,0,,,,,,7.27,,0,,,,,
8/18/23,14:45,2,Sk,12:00,14:45,2:45,2.75,CD,Prince Geo,4,5,,,,,,0,,,,,,5.50,,5,,,,,
8/18/23,16:30,2,Sk,11:00,14:30,3:30,3.50,CD,Prince Geo,3,8,,,,,,0,,,,,,7.00,,8,,,,,
8/18/23,17:15,4,Sk,13:00,17:00,4:00,4.00,CD,Prince Geo,3,6,,,,,,0,,,,,,16.00,,6,,,,,
8/18/23,17:20,8,Sk,15:00,17:15,2:15,2.25,CD,Prince Geo,3,14,,,,,,0,,,,,,18.00,,14,,,,,
8/18/23,17:20,4,Sk,12:00,15:00,3:00,3.00,LB,Vavenby,4,2,,,,,,0,,,,,,12.00,,2,,,,,
8/18/23,17:25,4,Sk,12:00,15:00,3:00,3.00,LB,Smithers,5,2,,,,,,0,,,,,,12.00,,2,,,,,
8/18/23,17:30,6,Sk,15:30,17:30,2:00,2.00,CD,Prince Geo,3,1,,,,,,0,,,,,,12.00,,1,,,,,
8/18/23,17:45,5,Sk,15:00,17:30,2:30,2.50,RB,Edmonton,5,,,,,,,0,4,,,,,12.50,,0,,,,,
8/18/23,17:48,4,Sk,15:00,17:30,2:30,2.50,RB,Prince Geo,5,,,,,,,0,4,,,,,10.00,,0,,,,,
8/18/23,18:00,4,Sk,12:00,15:00,3:00,3.00,RB,Prince Geo,6,,,,,,,0,,,,,,12.00,,0,,,,,
8/18/23,18:00,2,Sk,16:00,18:00,2:00,2.00,CD,Vanderhoof,3,4,1,,,,,0,,,,,,4.00,,4,,,,,
8/18/23,18:25,1,Sk,7:00,9:30,2:30,2.50,GM,Granisle,,2,,,,,,0,,,,,2,2.50,,2,,,,,
8/18/23,18:30,2,Sk,15:30,18:30,3:00,3.00,CD,Prince Geo,4,1,,,,,,0,,,,,,6.00,,1,,,,,
8/18/23,18:45,2,Sk,14:00,18:40,4:40,4.67,CD,Vanderhoof,2,12,,,,,,0,,,,,,9.33,,12,,,,,
8/18/23,18:50,2,Sk,16:00,18:45,2:45,2.75,CD,Prince Geo,3,1,,,,,,0,,,,,,5.50,,1,,,,,
Totals,28.00,93,,,,,82.55,,,,87,,,,,,3,,,,,,270.85,0.332,90.00,0.321,438,3.321428571,467.2931776,2910
,,,,,,,,,,,,,,,,,,,,,,,,,,,,,,
8/19/23,10:45,2,Sk,9:15,10:30,1:15,1.25,GM,Houston,,4,,,,,,0,,,,,,2.50,,4,,,,,
8/19/23,11:00,3,Sk,8:00,11:00,3:00,3.00,CD,Houston,,4,,,,,,0,,,,,,9.00,,4,,,,,
8/19/23,11:30,2,Sk,11:00,11:30,0:30,0.50,GM,Prince George,,0,,,,,,0,,,,,,1.00,,0,,,,,
8/19/23,12:10,2,Sk,10:00,12:00,2:00,2.00,CD,Houston,,4,,,,,,0,,,,,,4.00,,4,,,,,
8/19/23,12:15,3,Sk,10:00,12:10,2:10,2.17,LB,Smithers,10,0,,,,,,0,,,,,,6.50,,0,,,,,
8/19/23,12:20,3,Sk,10:00,12:00,2:00,2.00,CD,Vanderhoof,3,6,2,,,,,0,,,,,,6.00,,6,,,,,
8/19/23,12:25,2,Sk,10:00,12:20,2:20,2.33,LB,Enderby,10,0,,,,,,0,,,,,,4.67,,0,,,,,
8/19/23,12:30,1,Sk,11:00,12:30,1:30,1.50,CD,Vanderhoof,3,1,,,,,,0,,,,,,1.50,,1,,,,,
8/19/23,13:15,2,Sk,11:00,13:00,2:00,2.00,RB,Quesnel,1,,,,,,,0,1,,,,,4.00,,0,,,,,
8/19/23,13:20,2,Sk,11:00,13:15,2:15,2.25,RB,Prince George,2,0,,,,,,0,,,,,,4.50,,0,,,,,
8/19/23,13:20,2,Sk,11:00,13:15,2:15,2.25,CD,Vanderhoof,3,4,,,,,,0,,,,,,4.50,,4,,,,,
8/19/23,13:23,2,Sk,11:00,13:15,2:15,2.25,RB,Prince George,3,0,,,,,,0,,,,,,4.50,,0,,,,,
8/19/23,13:39,2,Sk,10:00,13:30,3:30,3.50,RB,Prince George,5,0,,,,,,0,,,,,,7.00,,0,,,,,
8/19/23,13:51,3,Sk,10:30,13:50,3:20,3.33,RB,Prince George,3,2,,,,,,0,,,,,,10.00,,2,,,,,
8/19/23,13:52,2,Sk,10:30,13:50,3:20,3.33,RB,Vanderhoof,2,3,,,,,,0,,,,,,6.67,,3,,,,,
8/19/23,14:00,3,Sk,12:00,14:00,2:00,2.00,CD,Prince George,3,3,,,,,,0,,,,,,6.00,,3,,,,,
8/19/23,14:15,4,Sk,11:00,14:00,3:00,3.00,CD,Vanderhoof,3,6,,,,,,0,,,,,,12.00,,6,,,,,
8/19/23,14:32,3,Sk,8:00,9:30,1:30,1.50,RB,Prince George,2,5,,,,,,0,,,,,,4.50,,5,,,,,
8/19/23,14:40,2,Sk,10:00,14:00,4:00,4.00,RB,Prince George,5,2,,,,,,0,,,,,,8.00,,2,,,,,
8/19/23,14:44,3,Sk,8:00,14:30,6:30,6.50,RB,Smithers,1,6,,,,,,2,,,,,,19.50,,8,,,,,
8/19/23,14:45,3,Sk,12:00,14:30,2:30,2.50,CD,Prince George,3,5,,,,,,0,,,,,,7.50,,5,,,,,
8/19/23,15:00,5,Sk,11:00,15:00,4:00,4.00,CD,Vanderhoof,3,4,,,,,,0,,,,,,20.00,,4,,,,,
8/19/23,15:20,5,Sk,13:00,15:00,2:00,2.00,CD,Prince George,4,3,,,,,,0,,,,,,10.00,,3,,,,,
8/19/23,15:39,2,Sk,13:30,15:37,2:07,2.12,BL,Airdrie ,7,0,,,,,,0,,,,,,4.23,,0,,,,,
8/19/23,15:39,2,Sk,12:00,15:00,3:00,3.00,BL,Burns Lake,2,2,,,,,,0,,,,,,6.00,,2,,,,,
8/19/23,15:45,2,Sk,13:00,15:30,2:30,2.50,BL,Smithers,1,2,,,,,,0,,,,,,5.00,,2,,,,,
8/19/23,17:00,2,Sk,15:00,17:00,2:00,2.00,CD,Prince George,3,5,,,,,,0,,,,,,4.00,,5,,,,,
8/19/23,17:15,2,Sk,14:00,17:10,3:10,3.17,GM,Vanderhoof,1,1,,,,,,0,,,,,,6.33,,1,,,,,
8/19/23,17:28,2,Sk,15:00,17:25,2:25,2.42,GM,St Albert,2,0,,1,,,,0,,,,,,4.83,,0,,,,,
8/19/23,17:30,3,Sk,14:00,17:30,3:30,3.50,CD,Prince George,4,3,,,,,,0,,,,,,10.50,,3,,,,,
8/19/23,17:33,2,Sk,15:30,17:30,2:00,2.00,GM,Prince George,2,0,,1,,,,0,,,,,,4.00,,0,,,,,
8/19/23,17:37,3,Sk,8:00,17:30,9:30,9.50,GM,Vanderhoof,1,4,,,,,,0,,,,,,28.50,,4,,,,,
8/19/23,17:40,1,Sk,15:00,17:30,2:30,2.50,CD,Edmonton,2,4,,,,,,0,,,,,,2.50,,4,,,,,
8/19/23,17:42,4,Sk,7:00,17:42,10:42,10.70,GM,Prince George,3,5,,,,,,0,,,,,,42.80,,5,,,,,
8/19/23,18:00,3,Sk,14:00,18:00,4:00,4.00,CD,Prince George,3,6,,,,,,0,,,,,,12.00,,6,,,,,
8/19/23,18:45,4,Sk,16:20,18:30,2:10,2.17,CD,Prince George,3,3,,,,,,0,,,,,,8.67,,3,,,,,
Totals,36.00,93,,,,,108.7333333,,,,97,,,,,,2,,,,,,303.20,0.327,99.00,0.320,776,2.583333333,641.3346526,4009
,,,,,,,,,,,,,,,,,,,,,,,,,,,,,,
8/20/23,12:00,2,Sk,8:00,12:00,4:00,4.00,GM,Prince George,2,0,,,,,,0,,,,,,8.00,,0,,,,,
8/20/23,12:30,2,Sk,8:00,12:00,4:00,4.00,CD,Prince George,4,4,,,,,,0,,,,,,8.00,,4,,,,,
8/20/23,12:35,2,Sk,9:00,12:30,3:30,3.50,CD,Prince George,4,4,,,,,,0,,,,,,7.00,,4,,,,,
8/20/23,12:40,2,Sk,8:00,12:00,4:00,4.00,CD,Prince George,4,2,,,,,,0,,,,,,8.00,,2,,,,,
8/20/23,12:45,5,Sk,9:00,12:30,3:30,3.50,CD,PrinceGeorge,4,7,,,,,,0,,,,,,17.50,,7,,,,,
8/20/23,12:45,2,Sk,9:00,12:45,3:45,3.75,GM,Houston,2,4,,,,,,0,,,,,,7.50,,4,,,,,
8/20/23,12:50,7,Sk,10:00,12:45,2:45,2.75,CD,Prince George,5,12,,,,,,0,,,,,,19.25,,12,,,,,
8/20/23,13:00,1,Sk,9:00,13:00,4:00,4.00,CD,Prince George,4,2,,,,,,2,,,,,,4.00,,4,,,,,
8/20/23,13:10,2,Sk,9:00,13:00,4:00,4.00,CD,Houston,,4,,,,,,0,,,,,,8.00,,4,,,,,
8/20/23,13:15,2,Sk,10:00,13:00,3:00,3.00,CD,Prince George,4,1,,,,,,0,,,,,,6.00,,1,,,,,
8/20/23,13:20,3,Sk,10:00,13:00,3:00,3.00,CD,Smithers,3,2,,,,,,0,,,,,,9.00,,2,,,,,
8/20/23,13:20,5,Sk,11:00,13:30,2:30,2.50,GM,,,10,,,,,,0,,,,,,12.50,,10,,,,,
8/20/23,13:30,2,Sk,13:00,13:30,0:30,0.50,GM,Houston,1,1,,,,,,0,,,,,,1.00,,1,,,,,
8/20/23,13:30,4,Sk,10:00,13:30,3:30,3.50,CD,Prince George,4,8,,,,,,0,,,,,,14.00,,8,,,,,
8/20/23,13:35,2,Sk,11:00,13:30,2:30,2.50,CD,Coldstream,7,3,,,,,,0,,,,,,5.00,,3,,,,,
8/20/23,13:39,2,Sk,7:15,13:30,6:15,6.25,GM,Prince George3,3,1,,,,,,0,,,,,,12.50,,1,,,,,
8/20/23,13:40,2,Sk,9:00,13:30,4:30,4.50,CD,Coldstream,7,3,,,,,,0,,,,,,9.00,,3,,,,,
8/20/23,13:44,3,Sk,9:00,13:40,4:40,4.67,GM,Prince George,2,6,,,,,,2,,,,,,14.00,,8,,,,,
8/20/23,13:45,4,Sk,11:00,13:30,2:30,2.50,CD,Prince George,4,6,,,,,,0,,,,,,10.00,,6,,,,,
8/20/23,13:50,4,Sk,10:00,13:50,3:50,3.83,BL,Houston,3,2,,,,,,0,,,,,,15.33,,2,,,,,
8/20/23,14:15,2,Sk,13:00,14:00,1:00,1.00,CD,Houston,4,2,,,,,,0,,,,,,2.00,,2,,,,,
8/20/23,14:25,2,Sk,7:00,13:00,6:00,6.00,BL,Houston,3,2,,,,,,0,,,,,,12.00,,2,,,,,
8/20/23,15:10,2,Sk,13:00,15:00,2:00,2.00,CD,Prince George,4,4,,,,,,0,,,,,,4.00,,4,,,,,
8/20/23,15:38,3,Sk,14:00,15:30,1:30,1.50,RB,Prince George,1,0,,,,,,0,,2,,,,4.50,,0,,,,,
8/20/23,15:45,2,Sk,14:00,15:30,1:30,1.50,CD,Prince George,4,2,,,,,,0,,,,,,3.00,,2,,,,,
8/20/23,15:50,2,Sk,10:00,14:00,4:00,4.00,RB,Prince George,5,0,,,,,,13,1,,,,,8.00,,13,,,,,
8/20/23,15:53,3,Sk,12:00,15:53,3:53,3.88,RB,Prince George,5,1,,,,,,0,,,,,,11.65,,1,,,,,
8/20/23,16:00,3,Sk,11:00,16:00,5:00,5.00,RB,Vanderhoof,4,2,,,,,,2,,,,,,15.00,,4,,,,,
8/20/23,16:07,3,Sk,7:00,16:05,9:05,9.08,RB,Calgary,1,0,4,1,,,,0,2,,,,,27.25,,0,,,,,
8/20/23,16:10,4,Sk,13:00,16:00,3:00,3.00,CD,Prince George,1,3,,,,,,0,,,,,,12.00,,3,,,,,
8/20/23,16:42,1,Sk,12:00,16:42,4:42,4.70,RB,Houston,1,,1,,,,,0,,,,,,4.70,,0,,,,,
8/20/23,16:54,4,Sk,13:00,16:50,3:50,3.83,RB,Smithers,1,1,,,,,,0,,,,,,15.33,,1,,,,,
8/20/23,17:00,2,Sk,15:00,17:00,2:00,2.00,CD,Prince George,5,3,,,,,,0,,,,,,4.00,,3,,,,,
8/20/23,17:03,2,Sk,11:00,17:00,6:00,6.00,RB,Burns Lake,1,4,,,,,,2,,,,,,12.00,,6,,,,,
8/20/23,17:05,2,Sk,14:00,17:00,3:00,3.00,CD,Prince George,7,4,,,,,,0,,,,,,6.00,,4,,,,,
8/20/23,17:10,5,Sk,11:00,17:09,6:09,6.15,RB,Telkwa,3,9,,,,,,0,,,,,,30.75,,9,,,,,
8/20/23,17:13,5,Sk,8:30,13:00,4:30,4.50,RB,Prince George,2,8,,,,,,1,,,,,,22.50,,9,,,,,
8/20/23,17:42,2,Sk,11:00,14:00,3:00,3.00,LB,Smithers,4,2,,,,,,0,,,,,,6.00,,2,,,,,
8/20/23,17:43,2,Sk,11:00,14:00,3:00,3.00,LB,Enderby,4,2,,,,,,0,1,,,,,6.00,,2,,,,,
8/20/23,18:10,2,Sk,16:00,18:00,2:00,2.00,CD,Loon Lk,6,1,,,,,,0,,,,,,4.00,,1,,,,,
8/20/23,18:15,2,Sk,16:30,18:00,1:30,1.50,CD,Prince George,3,1,,,,,,0,,,,,,3.00,,1,,,,,
8/20/23,18:20,2,Sk,16:30,18:00,1:30,1.50,CD,Prince George,4,4,,,,,,0,,,,,,3.00,,4,,,,,
8/20/23,18:31,2,Sk,6:00,12:00,6:00,6.00,GM,Houston,2,4,,,,,,0,1,,,,,12.00,,4,,,,,
8/20/23,18:34,1,Sk,10:00,16:00,6:00,6.00,GM,Granisle,,0,,,,,,0,,,,,,6.00,,0,,,,,
8/20/23,18:40,2,Sk,7:30,18:30,11:00,11.00,GM,Hudson Hope,3,1,,,,,,0,,,,,,22.00,,1,,,,,
Totals,45.00,120,,,,,171.40,,,,142,,,,,,22,,,,,,452.27,0.363,164.00,0.314,738,2.666666667,617.9009434,3936
,,,,,,,,,,,,,,,,,,,,,,,,,,,,,,
8/21/23,10:15,2,Sk,8:00,10:00,2:00,2.00,CD,Loon Lk,6,3,,,,,,0,,,,,,4.00,,3,,,,,
8/21/23,11:44,2,Sk,7:00,10:00,3:00,3.00,GM,Hudson Hp,3,3,,,,,,0,1,,,,,6.00,,3,,,,,
8/21/23,11:50,6,Sk,9:00,11:45,2:45,2.75,CD,Prince George,4,7,,,,,,0,,,,,,16.50,,7,,,,,
8/21/23,12:00,4,Sk,9:00,12:00,3:00,3.00,CD,Prince George,7,2,,,,,,0,,,,,,12.00,,2,,,,,
8/21/23,12:15,2,Sk,8:30,12:00,3:30,3.50,GM,Topley,1,4,,,,,,0,,1,,,,7.00,,4,,,,,
8/21/23,13:00,3,Sk,10:00,13:00,3:00,3.00,CD,Prince George,3,8,1,,,,,0,,,,,,9.00,,8,,,,,
8/21/23,14:00,2,Sk,11:00,14:00,3:00,3.00,CD,Houston,3,1,,,,,,0,1,,,,,6.00,,1,,,,,
8/21/23,14:30,2,Sk,10:00,14:00,4:00,4.00,CD,Falkland,8,2,,,,,,1,3,,,,,8.00,,3,,,,,
8/21/23,15:00,2,Sk,11:00,14:00,3:00,3.00,CD,Prince George,,2,,,,,,0,,,,,,6.00,,2,,,,,
8/21/23,15:05,5,Sk,12:00,15:00,3:00,3.00,CD,Houston,5,6,,,,,,2,,,,,,15.00,,8,,,,,
8/21/23,15:10,1,Sk,13:00,15:00,2:00,2.00,CD,Prince George,,2,,,,,,1,,,,,,2.00,,3,,,,,
8/21/23,15:12,3,Sk,10:00,14:00,4:00,4.00,RB,Germany,3,1,1,,,,,0,,,,,,12.00,,1,,,,,
8/21/23,15:19,2,Sk,10:00,14:30,4:30,4.50,RB,Quesnel,3,0,1,,,,,0,,,,,,9.00,,0,,,,,
8/21/23,15:20,3,Sk,13:00,15:00,2:00,2.00,CD,Prince George,4,6,,,,,,0,,,,,,6.00,,6,,,,,
8/21/23,15:25,4,Sk,14:00,15:25,1:25,1.42,CD,Houston,,1,,,,,,1,,,,,,5.67,,2,,,,,
8/21/23,15:34,4,Sk,13:30,15:00,1:30,1.50,RB,Fraser Lk,1,8,,,,,,0,,,,,,6.00,,8,,,,,
8/21/23,15:42,2,Sk,10:00,15:30,5:30,5.50,CD,Prince George,4,4,,,,,,0,,,,,,11.00,,4,,,,,
8/21/23,15:45,2,Sk,12:00,15:30,3:30,3.50,CD,Prince George,4,3,,,,,,0,,,,,,7.00,,3,,,,,
8/21/23,17:10,7,Sk,10:00,17:00,7:00,7.00,CD,Loon Lk,10,8,,,,,,0,,,,,,49.00,,8,,,,,
8/21/23,17:15,2,Sk,15:00,17:00,2:00,2.00,CD,Prince George,4,4,,,,,,0,,,,,,4.00,,4,,,,,
8/21/23,17:30,3,Sk,14:30,17:30,3:00,3.00,BL,Calgary AB,5,0,,,,,,0,,,,,,9.00,,0,,,,,
8/21/23,17:35,2,Sk,15:00,17:30,2:30,2.50,BL,Endako,7,4,,,,,,0,,,,,,5.00,,4,,,,,
Totals,22.00,65,,,,,69.17,,,,79,,,,,,5,,,,,,215.17,0.390,84.00,0.367,412,2.954545455,446.9304979,2435
,,,,,,,,,,,,,,,,,,,,,,,,,,,,,,
8/22/23,9:30,2,Sk,7:45,9:20,1:35,1.58,GM,Houston,1,4,,,,,,0,,,,,,3.17,,4,,,,,
8/22/23,11:20,1,Sk,10:20,11:20,1:00,1.00,CD,Prince Geo,5,2,,,,,,0,,,,,,1.00,,2,,,,,
8/22/23,11:45,2,Sk,7:00,16:00,9:00,9.00,CD,Prince Geo,season,2,,,,,,2,,,,,,18.00,,4,,,,,
8/22/23,12:30,3,Sk,8:00,12:30,4:30,4.50,RB,Smithers,1,0,,,,,,0,,,,,,13.50,,0,,,,,
8/22/23,12:44,7,Sk,8:30,12:30,4:00,4.00,CD,Prince Geo,2,5,,,,,,0,,,,,,28.00,,5,,,,,
8/22/23,12:44,2,Sk,9:00,10:00,1:00,1.00,RB,Prince Geo,8,3,,,,,,0,,,,,,2.00,,3,,,,,
8/22/23,12:50,2,Sk,10:20,12:30,2:10,2.17,CD,Prince Geo,7,4,,,,,,0,,,,,,4.33,,4,,,,,
8/22/23,12:50,3,Sk,10:00,13:00,3:00,3.00,CD,Prince Geo,7,3,,,,,,0,,,,,,9.00,,3,,,,,
8/22/23,12:54,4,Sk,6:00,9:30,3:30,3.50,RB,Smithers,14,7,,,,,,0,1,,,,,14.00,,7,,,,,
8/22/23,12:56,4,Sk,9:30,13:00,3:30,3.50,RB,Smithers,,4,,,,,,0,1,,,,,14.00,,4,,,,,
8/22/23,13:00,2,Sk,9:30,13:00,3:30,3.50,CD,Prince Geo,season,2,,,,,,0,,,,,,7.00,,2,,,,,
8/22/23,13:05,5,Sk,11:30,13:00,1:30,1.50,CD,Houston,5,6,,,,,,0,,,,,,7.50,,6,,,,,
8/22/23,13:07,3,Sk,11:15,13:15,2:00,2.00,RB,Vanderhoof,2,6,,,,,,0,,,,,,6.00,,6,,,,,
8/22/23,13:13,6,Sk,9:00,13:11,4:11,4.18,RB,Prince Geo,4,3,,,,,,0,,,,,,25.10,,3,,,,,
8/22/23,13:15,2,Sk,10:15,13:15,3:00,3.00,CD,Falkland,season,4,,,,,,0,,,,,,6.00,,4,,,,,
8/22/23,14:45,2,Sk,12:00,14:30,2:30,2.50,CD,Prince Geo,2,1,,,,,,0,,,,,,5.00,,1,,,,,
8/22/23,15:15,2,Sk,12:00,15:00,3:00,3.00,CD,Houston,2,4,,,,,,0,,,,,,6.00,,4,,,,,
8/22/23,15:20,2,Sk,11:30,15:00,3:30,3.50,CD,Prince Geo,1,2,,,,,,0,,,,,,7.00,,2,,,,,
8/22/23,15:22,4,Sk,9:30,15:00,5:30,5.50,GM,Telkwa,1,0,,,,,,0,,,,,,22.00,,0,,,,,
8/22/23,15:45,2,Sk,13:30,15:30,2:00,2.00,CD,Prince Geo,2,1,,,,,,0,,,,,,4.00,,1,,,,,
8/22/23,16:10,3,Sk,10:00,16:00,6:00,6.00,CD,Macleese Lk,3,2,,,,,,0,,,,,,18.00,,2,,,,,
8/22/23,16:15,7,Sk,10:00,16:10,6:10,6.17,GM,Prince Geo,5,6,,,,,,2,,,,,,43.17,,8,,,,,
8/22/23,16:29,3,Sk,12:00,16:28,4:28,4.47,RB,Lloydminster,2,2,,,,,1,0,,,,,,13.40,,2,,,,,
8/22/23,16:55,2,Sk,15:00,17:00,2:00,2.00,CD,Loon Lk,1,1,,,,,,0,,,,,,4.00,,1,,,,,
8/22/23,17:10,1,Sk,15:00,17:00,2:00,2.00,CD,Dawson Cr,4,1,,,,,,0,,,,,,2.00,,1,,,,,
8/22/23,17:15,2,Sk,15:00,17:00,2:00,2.00,CD,Loon Lk,1,2,,,,,,0,,,,,,4.00,,2,,,,,
8/22/23,17:15,2,Sk,14:00,17:15,3:15,3.25,CD,Prince Geo,season,3,,,,,,1,,,,,,6.50,,4,,,,,
8/22/23,17:20,4,Sk,14:20,17:00,2:40,2.67,CD,MacKenzie,3,0,,,,,,0,,,,,,10.67,,0,,,,,
8/22/23,17:25,4,Sk,14:00,17:00,3:00,3.00,CD,Prince Geo,season,8,,,,,,0,,,,,,12.00,,8,,,,,
8/22/23,17:30,6,Sk,14:00,17:00,3:00,3.00,CD,Prince Geo,season,3,,,,,,0,,,,,,18.00,,3,,,,,
8/22/23,17:50,2,Sk,15:00,17:30,2:30,2.50,CD,Prince Geo,2,2,,,,,,1,2,,,,,5.00,,3,,,,,
8/22/23,18:15,1,Sk,14:00,18:45,4:45,4.75,CD,Prince Geo,season,2,,,,,,0,,,,,,4.75,,2,,,,,
Totals,32.00,97,,,,,105.73,,,,95,,,,,,6,,,,,,344.08,0.294,101.00,0.276,430,3.03125,359.8737588,2607
,,,,,,,,,,,,,,,,,,,,,,,,,,,,,,
8/23/23,11:50,2,Sk,9:00,11:50,2:50,2.83,GM,Prince Geo,season,3,,,,,,0,,,,,,5.67,,3,,,,,
8/23/23,12:10,2,Sk,9:00,12:00,3:00,3.00,GM,Granisle,season,4,,,,,,0,,,,,,6.00,,4,,,,,
8/23/23,12:40,2,Sk,8:00,10:30,2:30,2.50,RB,Prince Geo,2,4,,,,,,0,,,,,,5.00,,4,,,,,
8/23/23,12:50,2,Sk,10:00,12:30,2:30,2.50,RB,Prince Geo,5,3,,,,,,0,2,,,,,5.00,,3,,,,,
8/23/23,13:25,2,Sk,10:00,13:00,3:00,3.00,RB,Prince Geo,season,4,,,,,,0,,2,,,,6.00,,4,,,,,
8/23/23,13:50,2,Sk,10:00,13:45,3:45,3.75,GM,Topley,2,2,,,,,,1,,,,,,7.50,,3,,,,,
8/23/23,15:00,3,Sk,12:00,14:30,2:30,2.50,GM,Granisle,4,4,,,,,,0,,,,,,7.50,,4,,,,,
8/23/23,15:20,2,Sk,13:00,15:00,2:00,2.00,GM,Prince Geo,1,2,,,,,,0,2,,,,,4.00,,2,,,,,
8/23/23,15:40,4,Sk,12:30,15:30,3:00,3.00,RB,Prince Geo,4,6,,,,,,0,,,,,,12.00,,6,,,,,
8/23/23,17:30,2,Sk,9:30,17:00,7:30,7.50,CD,Prince Geo,3,3,,,,,,0,,,,,,15.00,,3,,,,,
8/23/23,17:45,3,Sk,15:30,17:30,2:00,2.00,CD,Prince Geo,3,3,,,,,1,0,,,,,,6.00,,3,,,,,
8/23/23,17:50,2,Sk,13:30,17:30,4:00,4.00,CD,Prince Geo,4,1,,,,,,1,,,,,,8.00,,2,,,,,
8/23/23,18:10,3,Sk,15:30,18:00,2:30,2.50,CD,Prince Geo,1,1,,,,,,0,,,,,,7.50,,1,,,,,
8/23/23,18:10,3,Sk,15:00,18:00,3:00,3.00,CD,Prince Geo,4,3,,,,,,0,3,,,,,9.00,,3,,,,,
8/23/23,18:15,2,Sk,10:00,12:00,2:00,2.00,CD,Falkland,2,3,,,,,,0,,,,,,4.00,,3,,,,,
8/23/23,18:30,3,Sk,13:00,17:30,4:30,4.50,CD,Prince Geo,2,1,,,,,,0,,,,,,13.50,,1,,,,,
8/23/23,18:35,2,Sk,14:00,18:00,4:00,4.00,CD,Houston,season,0,,,,,,0,,,,,,8.00,,0,,,,,
Totals,17.00,41,,,,,54.58,,,,47,,,,,,2,,,,,,129.67,0.378,49.00,0.362,430,2.411764706,375.900499,2074
,,,,,,,,,,,,,,,,,,,,,,,,,,,,,,
8/24/23,11:35,1,Sk,8:30,11:20,2:50,2.83,GM,Granisle,season,2,,,,,,0,,,,,,2.83,,2,,,,,
8/24/23,11:45,2,Sk,9:00,11:30,2:30,2.50,GM,Prince George,4,3,,,,,,1,,,,,,5.00,,4,,,,,
8/24/23,12:10,4,Sk,9:00,12:00,3:00,3.00,GM,Prince George,3,4,,,,,,0,2,,,,,12.00,,4,,,,,
8/24/23,12:15,1,Sk,8:00,11:00,3:00,3.00,GM,Granisle,season,2,,,,,,0,,,,,,3.00,,2,,,,,
8/24/23,12:15,4,Sk,9:00,11:30,2:30,2.50,GM,Granisle,7,8,,,,,,0,,,,,,10.00,,8,,,,,
8/24/23,12:20,3,Sk,10:00,12:00,2:00,2.00,GM,Prince George,4,0,,,,,,0,,,,,,6.00,,0,,,,,
8/24/23,12:25,1,Sk,10:00,12:15,2:15,2.25,GM,Prince George,7,0,,,,,,1,,,,,,2.25,,1,,,,,
8/24/23,13:30,2,Sk,9:30,13:00,3:30,3.50,RB,Topley,season,2,,,,,,0,,,,,,7.00,,2,,,,,
8/24/23,13:50,2,Sk,10:00,13:30,3:30,3.50,RB,Prince George,2,8,,,,,,0,,,,,,7.00,,8,,,,,
8/24/23,14:10,3,Sk,9:00,14:00,5:00,5.00,RB,Prince George,4,2,,,,,,0,,,,,,15.00,,2,,,,,
8/24/23,14:25,2,Sk,9:00,14:00,5:00,5.00,RB,Kamloops,4,2,,,,,,0,,,,,,10.00,,2,,,,,
8/24/23,14:30,2,Sk,12:00,14:00,2:00,2.00,RB,Houston,4,2,1,,,,,0,,,,,,4.00,,2,,,,,
8/24/23,14:40,3,Sk,9:00,14:00,5:00,5.00,RB,Prince George,4,6,,,,,,0,,,,,,15.00,,6,,,,,
8/24/23,14:45,3,Sk,11:30,14:30,3:00,3.00,RB,Prince George,4,5,,,,,,1,,,,,,9.00,,6,,,,,
8/24/23,14:45,3,Sk,10:00,14:30,4:30,4.50,CD,Prince George,3,6,,,,,,0,,,,,,13.50,,6,,,,,
8/24/23,15:00,2,Sk,11:00,15:00,4:00,4.00,CD,MacKenzie,4,2,,,,,,0,,,,,,8.00,,2,,,,,
8/24/23,15:00,5,Sk,10:40,14:30,3:50,3.83,RB,Smithers,2,5,,,,,,4,,,,,,19.17,,9,,,,,
8/24/23,15:10,2,Sk,12:30,15:00,2:30,2.50,RB,Houston,na,4,,,,,,0,,,,,,5.00,,4,,,,,
8/24/23,15:20,4,Sk,9:00,15:00,6:00,6.00,GM,Prince George,5,6,,,,,,0,2,,,,,24.00,,6,,,,,
8/24/23,16:10,3,Sk,10:00,16:00,6:00,6.00,GM,Ft St James,1,5,,,,,,0,,,,,,18.00,,5,,,,,
8/24/23,16:15,2,Sk,14:00,16:00,2:00,2.00,GM,Prince George,4,1,,,,,,0,,,,,,4.00,,1,,,,,
8/24/23,16:30,3,Sk,14:00,16:30,2:30,2.50,CD,Prince George,5,5,1,,,,,0,,,,,,7.50,,5,,,,,
8/24/23,16:30,3,Sk,12:00,16:30,4:30,4.50,RB,MacKenzie,5,6,1,,,,,0,,,,,,13.50,,6,,,,,
8/24/23,16:35,2,Sk,10:00,16:00,6:00,6.00,RB,Decker Lake,4,3,1,,,,,0,,,,,,12.00,,3,,,,,
8/24/23,16:40,5,Sk,14:00,16:30,2:30,2.50,RB,Prince George,7,4,,,,,,0,,,,,,12.50,,4,,,,,
8/24/23,17:00,4,Sk,12:30,16:30,4:00,4.00,RB,Vanderhoof,3,4,,,,,,0,,,,,,16.00,,4,,,,,
8/24/23,17:30,4,Sk,15:00,17:30,2:30,2.50,CD,Prince George,4,4,,,,,,0,,,,,,10.00,,4,,,,,
8/24/23,17:35,4,Sk,13:30,17:00,3:30,3.50,RB,Prince George,4,2,,,,,,0,,,,,,14.00,,2,,,,,
8/24/23,18:00,5,Sk,16:00,18:00,2:00,2.00,CD,Prince George,4,6,,,,,,2,,,,,,10.00,,8,,,,,
8/24/23,18:10,2,Sk,15:00,18:00,3:00,3.00,RB,Prince George,3,2,,,,,,0,2,,,,,6.00,,2,,,,,
8/24/23,19:45,1,Sk,8:00,19:30,11:30,11.50,CD,Quesnel,,2,,,,,,0,,,,,,11.50,,2,,,,,
8/24/23,19:50,2,Sk,17:00,19:45,2:45,2.75,CD,Prince George,3,2,,,,,,0,,,,,,5.50,,2,,,,,
8/24/23,19:55,4,Sk,17:00,19:30,2:30,2.50,CD,Prince George,5,4,,,,,,0,,,,,,10.00,,4,,,,,
Totals,33.00,93,,,,,121.17,,,,119,,,,,,9,,,,,,328.25,0.390,128.00,0.363,448,2.818181818,457.7087863,2525
,,,,,,,,,,,,,,,,,,,,,,,,,,,,,,
8/25/23,8:50,2,Sk,7:45,8:30,0:45,0.75,GM,Houston,1,4,,,,,,0,,,,,,1.50,,4,,,,,
8/25/23,10:02,2,Sk,8:00,9:55,1:55,1.92,GM,Prince George,10,1,,,,,,0,,,,,,3.83,,1,,,,,
8/25/23,10:45,2,Sk,9:00,10:43,1:43,1.72,LB,Prince George,2,0,,,,,,0,,,,,,3.43,,0,,,,,
8/25/23,11:54,2,Sk,7:00,11:50,4:50,4.83,RB,Vancouver,5,2,,,,,,0,,,,,,9.67,,2,,,,,
8/25/23,11:55,2,Sk,7:00,11:50,4:50,4.83,RB,Alberta,5,2,,,,,,0,,,,,,9.67,,2,,,,,
8/25/23,11:56,3,Sk,7:00,11:50,4:50,4.83,RB,Prince George,5,4,,,,,,0,,,,,,14.50,,4,,,,,
8/25/23,12:04,2,Sk,9:00,12:00,3:00,3.00,RB,Prince George,4,2,,,,,,0,,,,,,6.00,,2,,,,,
8/25/23,12:16,4,Sk,7:00,10:00,3:00,3.00,RB,Smithers,14,2,,,,,,0,,,,,,12.00,,2,,,,,
8/25/23,12:33,7,Sk,10:30,12:32,2:02,2.03,RB,Smithers,1,2,,,,,,0,,,,,,14.23,,2,,,,,
8/25/23,12:36,3,Sk,9:00,12:33,3:33,3.55,RB,McKenzie,2,4,,,,,,0,,,,,,10.65,,4,,,,,
8/25/23,12:50,5,Sk,8:30,12:45,4:15,4.25,CD,Prince George,5,8,,,,,,0,,,,,,21.25,,8,,,,,
8/25/23,13:00,5,Sk,10:00,13:00,3:00,3.00,CD,Prince George,4,8,,,,,,0,,,,,,15.00,,8,,,,,
8/25/23,13:10,2,Sk,10:00,13:00,3:00,3.00,CD,Prince George,3,1,,,,,,2,1,,,,,6.00,,3,,,,,
8/25/23,13:45,2,Sk,9:00,13:30,4:30,4.50,CD,Edmonton,4,3,,,,,,1,,,,,,9.00,,4,,,,,
8/25/23,13:55,3,Sk,10:00,13:45,3:45,3.75,CD,Prince George,3,4,,,,,,1,,,,,,11.25,,5,,,,,
8/25/23,14:50,2,Sk,13:00,14:45,1:45,1.75,GM,Granisle,1,0,,,,,,0,,,,,,3.50,,0,,,,,
8/25/23,17:00,2,Sk,9:00,17:00,8:00,8.00,CD,Prince George,3,3,,,,,,6,,,,,,16.00,,9,,,,,
8/25/23,17:05,2,Sk,10:00,17:00,7:00,7.00,CD,Prince George,3,4,,,,,,0,,,,,,14.00,,4,,,,,
8/25/23,17:30,2,Sk,13:00,17:30,4:30,4.50,CD,Prince George,3,3,,,,,,0,,,,,,9.00,,3,,,,,
8/25/23,17:40,2,Sk,12:00,17:30,5:30,5.50,CD,Prince George,3,8,,,,,,0,,,,,,11.00,,8,,,,,
8/25/23,17:50,2,Sk,9:00,17:45,8:45,8.75,CD,Prince George,10,0,,1,,,,1,,,,,,17.50,,1,,,,,
8/25/23,18:25,3,Sk,15:00,18:25,3:25,3.42,CD,Prince George,3,1,,,,,,0,,,,,,10.25,,1,,,,,
8/25/23,18:30,3,Sk,16:00,18:30,2:30,2.50,CD,Prince George,3,2,,,,,,0,,,,,,7.50,,2,,,,,
8/25/23,19:25,2,Sk,15:00,19:00,4:00,4.00,CD,Prince George,3,3,,,,,,0,,,,,,8.00,,3,,,,,
Totals,24.00,66,,,,,94.38333333,,,,71,,,,,,11,,,,,,244.73,0.335,82.00,0.290,444,2.75,354.2263688,2442
,,,,,,,,,,,,,,,,,,,,,,,,,,,,,,
8/26/23,10:45,2,Sk,9:00,10:40,1:40,1.67,LB,Houston,,2,,,,,,0,,,,,,3.33,,2,,,,,
8/26/23,11:53,3,Sk,7:15,11:50,4:35,4.58,LB,Prince George,2,6,,,,,,0,,,,,,13.75,,6,,,,,
8/26/23,12:30,2,Sk,9:00,12:30,3:30,3.50,CD,Prince George,4,4,,,,,,0,,,,,,7.00,,4,,,,,
8/26/23,12:40,2,Sk,10:00,12:30,2:30,2.50,CD,Prince George,5,4,,,,,,0,,,,,,5.00,,4,,,,,
8/26/23,12:45,2,Sk,10:00,12:30,2:30,2.50,CD,Houston,,2,,,,,,0,,,,,,5.00,,2,,,,,
8/26/23,12:50,4,Sk,8:30,12:30,4:00,4.00,CD,Prince George,3,3,,,,,,0,3,,,,,16.00,,3,,,,,
8/26/23,13:00,4,Sk,9:00,13:00,4:00,4.00,CD,Kelowna,4,5,,,,,,0,,,,,,16.00,,5,,,,,
8/26/23,13:00,1,Sk,9:00,13:00,4:00,4.00,CD,Quesnel,,2,,,,,,0,9,,,,,4.00,,2,,,,,
8/26/23,14:31,7,Sk,13:00,14:30,1:30,1.50,BL,Houston,3,6,,,,,,0,,,,,,10.50,,6,,,,,
8/26/23,15:30,2,Sk,12:00,15:30,3:30,3.50,CD,Prince George,4,2,,,,,,0,,,,,,7.00,,2,,,,,
8/26/23,15:35,4,Sk,11:00,15:30,4:30,4.50,CD,Prince George,4,8,,,,,,0,,,,,,18.00,,8,,,,,
8/26/23,16:30,2,Sk,14:00,16:30,2:30,2.50,CD,Prince George,4,4,,,,,,3,,,,,,5.00,,7,,,,,
8/26/23,17:00,4,Sk,14:00,17:00,3:00,3.00,CD,Prince George,4,8,,,,,,0,,,,,,12.00,,8,,,,,
8/26/23,17:05,2,Sk,15:00,17:00,2:00,2.00,CD,Vanderhoof,3,4,,,,,,0,,,,,,4.00,,4,,,,,
8/26/23,17:10,2,Sk,11:00,17:00,6:00,6.00,CD,Prince George,10,0,2,,,,,0,,,,,,12.00,,0,,,,,
8/26/23,17:15,4,Sk,14:00,17:00,3:00,3.00,CD,Houston,,3,,,,,,0,,,,,,12.00,,3,,,,,
8/26/23,17:20,2,Sk,15:00,17:00,2:00,2.00,CD,Calgary,3,3,,,,,,0,,,,,,4.00,,3,,,,,
8/26/23,17:45,5,Sk,8:00,17:30,9:30,9.50,CD,Smithers,3,10,,,,,,0,,,,,,47.50,,10,,,,,
8/26/23,18:15,2,Sk,16:00,18:00,2:00,2.00,CD,Prince George,4,4,,,,,,0,,,,,,4.00,,4,,,,,
8/26/23,18:20,2,Sk,15:00,18:00,3:00,3.00,CD,Prince George,4,3,,,,,,0,,,,,,6.00,,3,,,,,
8/26/23,19:30,2,Sk,17:00,19:30,2:30,2.50,CD,Prince George,4,5,,,,,,0,,,,,,5.00,,5,,,,,
8/26/23,20:00,1,Sk,8:00,20:00,12:00,12.00,CD,Houston,,2,,,,,,0,,,,,,12.00,,2,,,,,
Totals,22.00,61,,,,,83.75,,,,90,,,,,,3,,,,,,229.08,0.406,93.00,0.393,636,2.772727273,692.8086246,3527
,,,,,,,,,,,,,,,,,,,,,,,,,,,,,,
8/27/23,11:05,2,Sk,7:45,11:00,3:15,3.25,CD,Prince George,3,2,,,,,,0,,,,,,6.50,,2,,,,,
8/27/23,11:05,2,Sk,7:45,11:00,3:15,3.25,CD,Prince George,3,2,,,,,,0,,,,,,6.50,,2,,,,,
8/27/23,12:45,5,Sk,8:00,12:30,4:30,4.50,CD,Prince George,4,10,,,,,,0,,,,,,22.50,,10,,,,,
8/27/23,12:50,3,Sk,10:00,12:45,2:45,2.75,CD,Houston,,6,,,,,,0,,,,,,8.25,,6,,,,,
8/27/23,13:25,2,Sk,10:00,13:25,3:25,3.42,CD,Prince George,4,2,,,,,,0,,,,,,6.83,,2,,,,,
8/27/23,13:39,3,Sk,8:30,13:30,5:00,5.00,RB,Prince George,1,3,,,,,,0,,,,,,15.00,,3,,,,,
8/27/23,13:40,2,Sk,10:00,13:30,3:30,3.50,CD,Prince George,4,1,,,,1,,0,,,,,,7.00,,1,,,,,
8/27/23,13:47,2,Sk,6:30,10:30,4:00,4.00,RB,Decker Lk,1,0,,,,,,0,,,,,,8.00,,0,,,,,
8/27/23,13:53,2,Sk,9:30,12:00,2:30,2.50,RB,Prince George,4,4,,,,,,0,,,,,,5.00,,4,,,,,
8/27/23,13:58,2,Sk,10:30,13:58,3:28,3.47,RB,Houston,3,2,,,,,,0,,,,,,6.93,,2,,,,,
8/27/23,14:00,4,Sk,12:00,14:00,2:00,2.00,CD,Prince George,4,2,,,,,,0,,,,,,8.00,,2,,,,,
8/27/23,14:13,3,Sk,11:30,14:30,3:00,3.00,RB,Sask.,2,0,,,,,,0,,,,,,9.00,,0,,,,,
8/27/23,14:21,6,Sk,7:30,14:21,6:51,6.85,RB,Vanderhoof,2,3,,,,,,0,,,,,,41.10,,3,,,,,
8/27/23,15:00,2,Sk,10:00,15:00,5:00,5.00,CD,Prince George,10,3,1,,,,,0,,,,,,10.00,,3,,,,,
8/27/23,17:30,2,Sk,14:30,17:30,3:00,3.00,CD,Prince George,4,2,,,,,2,0,,,,,,6.00,,2,,,,,
8/27/23,18:00,2,Sk,15:30,17:30,2:00,2.00,CD,Prince George,4,2,,,,,2,0,,,,,,4.00,,2,,,,,
8/27/23,19:30,2,Sk,17:00,19:30,2:30,2.50,CD,Houston,,3,,,,,,0,,,,,,5.00,,3,,,,,
Totals,17.00,46,,,,,59.98,,,,47,,,,,,0,,,,,,175.62,0.268,47.00,0.268,678,2.705882353,490.9878356,3669
,,,,,,,,,,,,,,,,,,,,,,,,,,,,,,
8/28/23,11:00,2,Sk,8:00,11:00,3:00,3.00,CD,Prince George,10,4,,,,,,0,,,,,,6.00,,4,,,,,
8/28/23,11:45,2,Sk,9:00,11:30,2:30,2.50,GM,Prince George,1,2,,,,,,0,,,,,,5.00,,2,,,,,
8/28/23,11:50,2,Sk,8:00,11:30,3:30,3.50,RB,Prince George,3,8,,,,,,0,,,,,,7.00,,8,,,,,
8/28/23,12:00,3,Sk,10:00,12:30,2:30,2.50,CD,Prince George,8,3,,,,,,0,,,,,,7.50,,3,,,,,
8/28/23,12:15,1,Sk,10:00,12:00,2:00,2.00,GM,Alberta,3,0,1,,,,,0,,,,,,2.00,,0,,,,,
8/28/23,12:15,2,Sk,9:00,12:00,3:00,3.00,RB,Vanderhoof,3,4,,,,,,0,,,,,,6.00,,4,,,,,
8/28/23,12:32,2,Sk,8:30,12:32,4:02,4.03,BL,Quesnel,6,4,,,,,,0,,,,,,8.07,,4,,,,,
8/28/23,12:35,2,Sk,8:30,12:00,3:30,3.50,RB,Prince George,4,4,,,,,,0,,,,,,7.00,,4,,,,,
8/28/23,12:40,5,Sk,9:00,12:30,3:30,3.50,RB,Prince George,7,2,,,,,,0,1,2,,,,17.50,,2,,,,,
8/28/23,12:42,2,Sk,8:30,12:30,4:00,4.00,BL,Prince George,4,4,,,,,,5,,,,,,8.00,,9,,,,,
8/28/23,12:50,3,Sk,9:00,12:30,3:30,3.50,CD,Prince George,5,6,,,,,,0,,,,,,10.50,,6,,,,,
8/28/23,12:52,2,Sk,9:30,12:45,3:15,3.25,BL,Grand Prair,6,4,,,,,,0,,,,,,6.50,,4,,,,,
8/28/23,13:00,3,Sk,10:00,13:00,3:00,3.00,CD,Smithers,3,2,,,,,,2,1,,,,,9.00,,4,,,,,
8/28/23,13:10,4,Sk,12:00,13:00,1:00,1.00,RB,Prince George,5,1,,,,,,0,,,,,,4.00,,1,,,,,
8/28/23,13:30,2,Sk,8:30,13:00,4:30,4.50,GM,Houston,1,4,,,,,,0,,,,,,9.00,,4,,,,,
8/28/23,13:40,3,Sk,10:00,13:30,3:30,3.50,CD,Prince George,5,2,,,,,,0,,,,,,10.50,,2,,,,,
8/28/23,13:45,2,Sk,9:00,13:30,4:30,4.50,GM,Granisle,season,2,,,,,,0,,,,,,9.00,,2,,,,,
8/28/23,14:00,4,Sk,11:00,14:00,3:00,3.00,CD,Prince George,5,6,,,,,,0,,,,,,12.00,,6,,,,,
8/28/23,15:05,2,Sk,12:30,14:30,2:00,2.00,GM,Prince George,5,1,,,,,,0,,,,,,4.00,,1,,,,,
8/28/23,15:25,1,Sk,14:00,17:20,3:20,3.33,GM,Telkwa,4,0,,,,,,0,,,,,,3.33,,0,,,,,
8/28/23,15:59,4,Sk,12:00,16:00,4:00,4.00,GM,Smithers,1,2,,,,,,2,3,,,,,16.00,,4,,,,,
8/28/23,16:30,2,Sk,14:00,16:00,2:00,2.00,CD,Prince George,10,2,,,,,,0,,,,,,4.00,,2,,,,,
8/28/23,16:40,4,Sk,14:30,16:30,2:00,2.00,RB,Prince George,3,1,,,,,,0,,,,,,8.00,,1,,,,,
8/28/23,17:05,4,Sk,15:30,17:00,1:30,1.50,RB,Alberta,3,8,,,,,,0,,,,,,6.00,,8,,,,,
8/28/23,17:15,2,Sk,14:30,17:00,2:30,2.50,RB,Houston,2,0,,,,,,0,,,,,,5.00,,0,,,,,
8/28/23,17:30,3,Sk,11:30,17:30,6:00,6.00,CD,Prince George,3,1,,,,,,0,,,,,,18.00,,1,,,,,
8/28/23,17:35,2,Sk,12:00,17:00,5:00,5.00,GM,Granisle,season,1,,,,,,0,,,,,,10.00,,1,,,,,
8/28/23,18:30,4,Sk,14:00,18:00,4:00,4.00,GM,Telkwa,2,0,,,,,,0,,,,,,16.00,,0,,,,,
8/28/23,18:35,2,Sk,15:00,18:00,3:00,3.00,GM,Alberta,5,4,,,,,,0,,,,,,6.00,,4,,,,,
8/28/23,18:40,4,Sk,14:00,18:30,4:30,4.50,GM, Babine Lake  ,season,5,,,,,,0,,,,,,18.00,,5,,,,,
Totals,30.00,80,,,,,97.62,,,,87,,,,,,9,,,,,,258.90,0.371,96.00,0.336,296,2.666666667,265.2452684,1579
,,,,,,,,,,,,,,,,,,,,,,,,,,,,,,
8/29/23,11:15,1,Sk,9:00,11:00,2:00,2.00,CD,Prince George,5,0,,,,,,3,,,,,,2.00,,3,,,,,
8/29/23,13:15,1,Sk,10:00,13:00,3:00,3.00,CD,Houston,2,2,,,,,,3,,,,,,3.00,,5,,,,,
8/29/23,13:25,5,Sk,10:00,13:15,3:15,3.25,CD,Houston,7,8,,,,,,0,,,,,,16.25,,8,,,,,
8/29/23,14:00,5,Sk,10:00,14:00,4:00,4.00,CD,Prince George,3,10,,,,,,0,,,,,,20.00,,10,,,,,
8/29/23,15:40,1,Sk,11:00,15:00,4:00,4.00,CD,Prince George,5,2,,,,,,1,,,,,,4.00,,3,,,,,
8/29/23,16:45,1,Sk,15:00,16:40,1:40,1.67,CD,Prince George,5,0,,,,,,2,2,,,,,1.67,,2,,,,,
8/29/23,17:00,5,Sk,10:00,16:30,6:30,6.50,CD,Prince George,5,4,2,,,,,0,,,,,,32.50,,4,,,,,
8/29/23,17:10,5,Sk,10:00,17:00,7:00,7.00,CD,Prince George,7,7,,,,,,0,,,,,,35.00,,7,,,,,
8/29/23,17:35,3,Sk,14:00,17:15,3:15,3.25,RB,Houston,2,2,1,,,,,1,,,,,,9.75,,3,,,,,
8/29/23,18:20,2,Sk,12:00,18:00,6:00,6.00,GM,Granisle,season,4,,,,,,0,,,,,,12.00,,4,,,,,
8/29/23,18:30,2,Sk,15:00,18:00,3:00,3.00,GM,Prince George,3,4,,,,,,2,,,,,,6.00,,6,,,,,
8/29/23,18:40,1,Sk,15:00,18:30,3:30,3.50,GM,Granisle,4,0,,,,,,0,,,,,,3.50,,0,,,,,
Totals,12.00,32,,,,,47.17,,,,43,,,,,,12,,,,,,145.67,0.378,55.00,0.295,184,2.666666667,144.8421053,981
,,,,,,,,,,,,,,,,,,,,,,,,,,,,,,
8/30/23,11:25,2,Sk,9:00,11:00,2:00,2.00,RB,Vanderhoof,2,2,,,,,,0,,,,,,4.00,,2,,,,,
8/30/23,11:30,3,Sk,8:00,11:30,3:30,3.50,GM,Alberta,1,5,,,,,,0,,,,,,10.50,,5,,,,,
8/30/23,11:45,2,Sk,9:00,11:30,2:30,2.50,GM,Prince George,2,4,,,,,,0,,,,,,5.00,,4,,,,,
8/30/23,11:55,3,Sk,9:00,12:00,3:00,3.00,GM,Topley,3,0,,,,,,0,,,,,,9.00,,0,,,,,
8/30/23,12:01,3,Sk,8:00,11:30,3:30,3.50,BL,Prince George,2,2,,,,,,0,,,,,,10.50,,2,,,,,
8/30/23,12:05,2,Sk,9:00,12:00,3:00,3.00,GM,Granisle,season,4,,,,,,0,,,,,,6.00,,4,,,,,
8/30/23,12:05,2,Sk,8:00,11:30,3:30,3.50,BL,Prince George,2,4,,,,,,3,,,,,,7.00,,7,,,,,
8/30/23,12:21,5,Sk,9:00,12:19,3:19,3.32,CD,Prince George,5,8,,,,,,0,,,,,,16.58,,8,,,,,
8/30/23,13:00,1,Sk,9:00,12:45,3:45,3.75,RB,Prince George,2,2,,,,,,0,1,,,,,3.75,,2,,,,,
8/30/23,13:00,2,Sk,9:00,12:30,3:30,3.50,RB,Prince George,2,4,,,,,,0,,,,,,7.00,,4,,,,,
8/30/23,13:30,3,Sk,8:00,12:50,4:50,4.83,RB,Smithers,2,6,,,,,,0,,,,,,14.50,,6,,,,,
8/30/23,14:45,3,Sk,10:00,14:45,4:45,4.75,GM,Saskatchewan,2,6,,,,,,0,,,,,,14.25,,6,,,,,
8/30/23,15:00,3,Sk,10:00,15:00,5:00,5.00,GM,Granisle,7,6,,,,,,0,,2,,,,15.00,,6,,,,,
8/30/23,15:15,2,Sk,12:00,15:00,3:00,3.00,GM,Prince George,4,4,,,,,,0,,,,,,6.00,,4,,,,,
8/30/23,17:05,1,Sk,14:00,17:00,3:00,3.00,CD,Houston,4,2,,,,,,0,,,,,,3.00,,2,,,,,
8/30/23,18:35,3,Sk,15:00,18:00,3:00,3.00,RB,Houston,3,2,,,,,,0,,,,,,9.00,,2,,,,,
Totals,16.00,40,,,,,55.15,,,,61,,,,,,3,,,,,,141.08,0.454,64.00,0.432,184,2.5,198.8895452,920
,,,,,,,,,,,,,,,,,,,,,,,,,,,,,,
8/31/23,11:45,2,Sk,8:00,11:30,3:30,3.5,GM,Alberta,1,0,,,,,,0,,,,,,7.00,,0,,,,,
8/31/23,12:00,3,Sk,8:00,11:45,3:45,3.75,RB,Alberta,4,0,1,,,,,0,,,,,,11.25,,0,,,,,
8/31/23,12:10,2,Sk,8:00,11:30,3:30,3.50,RB,"Hinton, AB",4,2,,,,,,0,,,,,,7.00,,2,,,,,
8/31/23,12:15,1,Sk,10:00,12:00,2:00,2.00,RB,Prince George,5,0,,,,,,0,,,,,,2.00,,0,,,,,
8/31/23,13:20,1,Sk,10:00,13:00,3:00,3.00,GM,Granisle,season,1,,,,,,1,,,,,,3.00,,2,,,,,
8/31/23,13:35,2,Sk,9:00,13:00,4:00,4.00,GM,Granisle,2,4,,,,,,0,,,,,,8.00,,4,,,,,
8/31/23,13:45,2,Sk,10:00,13:00,3:00,3.00,GM,Prince George,4,1,,,,,,0,,,,,,6.00,,1,,,,,
8/31/23,14:15,3,Sk,10:00,14:00,4:00,4.00,RB,Prince George,5,1,,,,,,0,,,,,,12.00,,1,,,,,
8/31/23,14:20,2,Sk,11:00,14:00,3:00,3.00,RB,Prince George,4,4,,,,,,0,,,,,,6.00,,4,,,,,
8/31/23,15:00,2,Sk,13:00,15:00,2:00,2.00,CD,Prince George,10,4,,,,,,6,,,,,,4.00,,10,,,,,
8/31/23,15:45,3,Sk,12:30,15:30,3:00,3.00,GM,Houston,2,2,,,,,,0,,,,,,9.00,,2,,,,,
8/31/23,16:20,1,Sk,14:00,16:00,2:00,2.00,GM,Topley,3,1,,,,,,0,,,,,,2.00,,1,,,,,
8/31/23,16:45,2,Sk,13:00,16:00,3:00,3.00,RB,Prince George,4,2,,,,,,0,,,,,,6.00,,2,,,,,
8/31/23,18:00,1,Sk,16:00,18:00,2:00,2.00,CD,Houston,,1,,,,,,0,,,,,,2.00,,1,,,,,
Totals,14.00,27,,,,,41.75,,,,23,,,,,,7,,,,,,85.25,0.352,30.00,0.270,72,1.928571429,37.46292417,278
,,,,,,,,,,,,,,,,,,,,,,,,,,,,,,
9/1/23,10:25,2,Sk,8:00,10:25,2:25,2.42,GM,Lac Lahache,2,0,2,,,,,0,3,,,,,4.83,,0,,,,,
9/1/23,12:49,2,Sk,7:00,10:00,3:00,3.00,RB,Hinton AB,3,2,,,,,,0,1,,,,,6.00,,2,,,,,
9/1/23,12:51,2,Sk,7:00,10:00,3:00,3.00,RB,Prince George,,1,,,,,,0,1,,,,,6.00,,1,,,,,
9/1/23,13:03,2,Sk,11:00,13:00,2:00,2.00,RB,Prince George,2,4,,,,,,1,,,,,,4.00,,5,,,,,
9/1/23,13:16,3,Sk,11:00,13:10,2:10,2.17,RB,Prince George,2,6,,,,,,0,,,,,,6.50,,6,,,,,
9/1/23,13:45,2,Sk,12:00,13:40,1:40,1.67,RB,Grand Prair,7,1,,,,,,0,,,,,,3.33,,1,,,,,
9/1/23,14:01,3,Sk,11:30,13:55,2:25,2.42,RB,Prince George,2,4,,,,,,0,2,,,,,7.25,,4,,,,,
9/1/23,14:05,2,Sk,10:00,13:45,3:45,3.75,RB,Vanderhoof,3,4,,,,,,0,,,,,,7.50,,4,,,,,
9/1/23,14:45,3,Sk,11:00,14:30,3:30,3.50,BL,Smithers,2,4,,,,,,0,,,,,,10.50,,4,,,,,
9/1/23,15:15,2,Sk,12:00,15:00,3:00,3.00,GM,Prince George,2,3,,,,,,0,,,,,,6.00,,3,,,,,
9/1/23,16:00,3,Sk,14:00,16:00,2:00,2.00,CD,Prince George,3,2,,,,,,0,,,,,,6.00,,2,,,,,
Totals,11.00,26,,,,,28.92,,,,31,,,,,,1,,,,,,67.92,0.471,32.00,0.456,180,2.363636364,194.1952036,851
,,,,,,,,,,,,,,,,,,,,,,,,,,,,,,
9/2/23,11:20,1,Sk,8:00,10:30,2:30,2.50,RB,Dawson Cr,4,1,,,,,,0,,,,,,2.50,,1,,,,,
9/2/23,11:24,3,Sk,8:00,11:24,3:24,3.40,RB,Prince George,4,6,,,,,,0,,,,,,10.20,,6,,,,,
9/2/23,13:30,3,Sk,10:00,13:30,3:30,3.50,CD,Prince George,4,0,1,,,,,0,,,,,,10.50,,0,,,,,
9/2/23,13:55,2,Sk,11:00,13:55,2:55,2.92,CD,Houston,4,2,,,,,,2,,,,,,5.83,,4,,,,,
9/2/23,14:23,6,Sk,9:00,14:23,5:23,5.38,GM,Athabasca,3,8,,,,,,0,,,,,,32.30,,8,,,,,
9/2/23,15:28,5,Sk,14:30,15:30,1:00,1.00,BL,Vanderhoof,2,6,,,,,,0,,,,,,5.00,,6,,,,,
9/2/23,15:30,3,Sk,13:00,15:30,2:30,2.50,CD,Houston,3,1,,,,,,0,,,,,,7.50,,1,,,,,
9/2/23,15:35,4,Sk,13:30,15:20,1:50,1.83,BL,Houston,2,0,,,,,,0,,,,,,7.33,,0,,,,,
9/2/23,15:40,4,Sk,12:00,15:30,3:30,3.50,CD,Prince George,4,15,,,,,,0,,,,,,14.00,,15,,,,,
9/2/23,16:08,4,Sk,12:00,16:00,4:00,4.00,RB,Prince George,1,8,,,,,,0,,,,,,16.00,,8,,,,,
9/2/23,16:18,3,Sk,13:00,16:00,3:00,3.00,RB,McKenzie,3,6,1,,,,,0,2,,,,,9.00,,6,,,,,
9/2/23,16:21,4,Sk,13:00,16:10,3:10,3.17,RB,Prince George,4,8,,,,,,0,,,,,,12.67,,8,,,,,
9/2/23,16:46,3,Sk,13:00,16:30,3:30,3.50,RB,Prince George,3,0,,,,,,0,,,,,,10.50,,0,,,,,
9/2/23,17:30,3,Sk,14:00,17:20,3:20,3.33,RB,Prince George,2,6,,,,,,0,,,,,,10.00,,6,,,,,
9/2/23,17:45,4,Sk,13:00,17:30,4:30,4.50,CD,Hazelton,3,0,1,,,,,0,1,,,,,18.00,,0,,,,,
9/2/23,17:55,2,Sk,13:00,17:30,4:30,4.50,GM,Vanderhoof,2,4,,,,,,0,,,,,,9.00,,4,,,,,
9/2/23,18:10,2,Sk,14:00,18:05,4:05,4.08,GM,Quesnel,2,2,,,,,,0,,,,,,8.17,,2,,,,,
9/2/23,19:00,4,Sk,16:00,19:00,3:00,3.00,CD,Houston,3,4,,,,,,0,,,,,,12.00,,4,,,,,
9/2/23,19:00,5,Sk,11:00,19:00,8:00,8.00,RB,Hudson Hp,,8,,,,,,0,1,,,,,40.00,,8,,,,,
9/2/23,19:30,2,Sk,17:00,19:30,2:30,2.50,CD,Prince George,3,2,,,,,,0,,,,,,5.00,,2,,,,,
Totals,20.00,67,,,,,70.12,,,,87,,,,,,2,,,,,,245.50,0.363,89.00,0.354,360,3.35,427.3808554,2412
,,,,,,,,,,,,,,,,,,,,,,,,,,,,,,
9/3/23,11:00,2,Sk,8:00,11:00,3:00,3.00,CD,Prince George,4,3,,,,,,0,,,,,,6.00,,3,,,,,
9/3/23,11:00,4,Sk,9:00,11:00,2:00,2.00,RB,McKenzie,3,4,,,,,,0,,,,,,8.00,,4,,,,,
9/3/23,11:27,6,Sk,8:00,11:25,3:25,3.42,RB,Prince George,3,8,,,,,,0,,,,,,20.50,,8,,,,,
9/3/23,12:00,6,Sk,9:00,12:00,3:00,3.00,CD,Houston,4,12,,,,,,0,,,,,,18.00,,12,,,,,
9/3/23,12:20,4,Sk,9:00,12:15,3:15,3.25,LB,Tumbler R.,4,8,,,,,,0,,,,,,13.00,,8,,,,,
9/3/23,13:00,5,Sk,11:00,12:50,1:50,1.83,RB,Vanderhoof,1,6,,,,,,0,,,,,,9.17,,6,,,,,
9/3/23,13:10,2,Sk,12:00,13:00,1:00,1.00,RB,Telkwa,4,4,,,,,,1,,,,,,2.00,,5,,,,,
9/3/23,13:20,6,Sk,9:30,13:00,3:30,3.50,RB,Hudson Hp,3,2,,,,,,0,,,,,,21.00,,2,,,,,
9/3/23,15:03,3,Sk,13:00,15:00,2:00,2.00,GM,Smithers,1,6,,,,,,0,,,,,,6.00,,6,,,,,
9/3/23,15:20,2,Sk,12:30,15:15,2:45,2.75,GM,Prince George,1,4,,,,,,0,,,,,,5.50,,4,,,,,
9/3/23,15:30,2,Sk,12:00,15:00,3:00,3.00,CD,Houston,3,2,,,,,,0,,,,,,6.00,,2,,,,,
9/3/23,15:40,4,Sk,9:45,15:30,5:45,5.75,RB,Quesnel,2,8,,,,,,0,,,,,,23.00,,8,,,,,
9/3/23,15:45,3,Sk,12:00,15:30,3:30,3.50,CD,Prince George,3,6,,,,,,0,,,,,,10.50,,6,,,,,
9/3/23,15:45,2,Sk,12:30,15:40,3:10,3.17,RB,Topley,1,0,,,,,,0,,,,,,6.33,,0,,,,,
9/3/23,16:10,2,Sk,12:00,16:07,4:07,4.12,RB,Smithers,3,0,,,,,,2,,,,,,8.23,,2,,,,,
9/3/23,16:15,3,Sk,9:00,16:00,7:00,7.00,RB,Smithers,1,3,,,,,,0,1,,,,,21.00,,3,,,,,
9/3/23,16:20,4,Sk,12:00,16:10,4:10,4.17,RB,Smithers,3,7,,,,,,0,,,,,,16.67,,7,,,,,
9/3/23,16:39,3,Sk,11:00,16:15,5:15,5.25,RB,Prince George,3,6,,,,,,1,,,,,,15.75,,7,,,,,
9/3/23,16:41,2,Sk,12:00,16:30,4:30,4.50,RB,Vanderhoof,2,4,,,,,,0,,,,,,9.00,,4,,,,,
9/3/23,16:45,5,Sk,12:00,16:30,4:30,4.50,CD,Athabaska,5,2,2,,,,,2,,,,,,22.50,,4,,,,,
9/3/23,17:02,2,Sk,11:30,15:30,4:00,4.00,BL,Houston,4,2,,,,,,0,3,,,,,8.00,,2,,,,,
9/3/23,18:00,2,Sk,13:00,17:35,4:35,4.58,RB,Burns Lk,2,3,,,,,,0,,,,,,9.17,,3,,,,,
9/3/23,18:20,3,Sk,13:00,17:45,4:45,4.75,GM,Telkwa,2,4,,,,,,0,,,,,,14.25,,4,,,,,
9/3/23,18:30,2,Sk,16:00,18:30,2:30,2.50,CD,Houston,,2,,,,,,0,,,,,,5.00,,2,,,,,
Totals,24.00,79,,,,,86.53,,,,106,,,,,,6,,,,,,284.57,0.394,112.00,0.372,144,3.291666667,176.5631955,948
,,,,,,,,,,,,,,,,,,,,,,,,,,,,,,
9/4/23,11:45,2,Sk,9:00,11:30,2:30,2.50,GM,Smithers,1,0,,,,,,0,4,,,,,5.00,,0,,,,,
9/4/23,12:30,2,Sk,9:00,12:00,3:00,3.00,GM,Granisle,season,4,,,,,,0,,,,,,6.00,,4,,,,,
9/4/23,12:45,2,Sk,9:00,12:30,3:30,3.50,GM,Prince George,1,4,,,,,,0,,,,,,7.00,,4,,,,,
9/4/23,12:50,2,Sk,8:00,12:30,4:30,4.50,GM,Prince George,1,0,,,,,,0,2,,,,,9.00,,0,,,,,
9/4/23,12:55,2,Sk,9:00,12:30,3:30,3.50,GM,Topley,4,4,,,,,,0,,,,,,7.00,,4,,,,,
9/4/23,13:20,4,Sk,9:00,12:45,3:45,3.75,RB,Smithers,1,8,,,,,,0,,,,,,15.00,,8,,,,,
9/4/23,13:20,3,Sk,9:00,12:45,3:45,3.75,RB,Smithers,1,6,,,,,,0,1,,,,,11.25,,6,,,,,
9/4/23,13:45,2,Sk,10:30,13:30,3:00,3.00,RB,Prince George,1,4,,,,,,0,3,,,,,6.00,,4,,,,,
9/4/23,14:45,1,Sk,10:00,14:30,4:30,4.50,CD,Quesnel,,2,,,,,,0,,,,,,4.50,,2,,,,,
9/4/23,15:00,2,Sk,11:00,14:45,3:45,3.75,GM,Prince George,1,3,,,,,,0,,,,,,7.50,,3,,,,,
9/4/23,15:35,3,Sk,12:00,15:30,3:30,3.50,RB,Burns Lake,1,6,,,,,,0,,,,,,10.50,,6,,,,,
9/4/23,15:45,2,Sk,10:00,15:00,5:00,5.00,RB,Houston,1,0,,,,,,4,,,,,,10.00,,4,,,,,
9/4/23,16:00,5,Sk,12:00,16:00,4:00,4.00,CD,Smithers,4,1,2,,,,,0,,,,,,20.00,,1,,,,,
9/4/23,16:25,3,Sk,11:00,16:00,5:00,5.00,RB,Fort St John,3,1,,,,,,0,,,,,,15.00,,1,,,,,
9/4/23,16:30,4,Sk,12:00,16:20,4:20,4.33,RB,Fort St John,3,6,,,,,,0,,,,,,17.33,,6,,,,,
9/4/23,17:00,2,Sk,13:00,16:30,3:30,3.50,RB,Prince George,2,2,,,,,,0,,,,,,7.00,,2,,,,,
9/4/23,17:20,2,Sk,14:00,17:00,3:00,3.00,GM,Prince George,2,4,,,,,,0,,,,,,6.00,,4,,,,,
Totals,17.00,43,,,,,64.08,,,,55,,,,,,4,,,,,,164.08,0.360,59.00,0.335,204,2.529411765,172.9608939,1032
,,,,,,,,,,,,,,,,,,,,,,,,,,,,,,
9/5/23,12:00,1,Sk,9:00,12:00,3:00,3.00,GM,Granisle,season,2,,,,,,1,,,,,,3.00,,3,,,,,
9/5/23,12:05,2,Sk,8:30,11:30,3:00,3.00,GM,Granisle,season,4,,,,,,0,,,,,,6.00,,4,,,,,
9/5/23,14:00,2,Sk,10:00,13:30,3:30,3.50,RB,Prince George,1,4,,,,,,0,,,,,,7.00,,4,,,,,
9/5/23,14:00,3,Sk,8:00,13:00,5:00,5.00,RB,Ft St John,3,6,,,,,,0,,,,,,15.00,,6,,,,,
9/5/23,14:30,3,Sk,10:00,14:00,4:00,4.00,RB,Grand Prair,3,6,,,,,,0,,,,,,12.00,,6,,,,,
9/5/23,15:30,1,Sk,9:00,13:00,4:00,4.00,RB,Vanderhoof,3,2,,,,,,0,,,,,,4.00,,2,,,,,
9/5/23,17:00,2,Sk,12:00,16:45,4:45,4.75,GM,Houston,5,4,,,,,,0,,,,,,9.50,,4,,,,,
9/5/23,17:35,2,Sk,13:00,17:10,4:10,4.17,GM,Alberta,2,4,,,,,,0,,,,,,8.33,,4,,,,,
Totals,8.00,16,,,,,31.42,,,,32,,,,,,1,,,,,,64.83,0.509,33.00,0.494,147,2,145.1105398,588
,,,,,,,,,,,,,,,,,,,,,,,,,,,,,,
9/6/23,12:24,4,Sk,10:00,12:20,2:20,2.33,GM,Granisle,,8,,,,,,0,,,,,,9.33,,8,,,,,
9/6/23,13:30,2,Sk,11:00,13:25,2:25,2.42,RB,Houston,1,0,,,,,,0,,,,,,4.83,,0,,,,,
Totals,2.00,6,,,,,4.75,,,,8,,,,,,0,,,,,,14.17,0.565,8.00,0.565,147,3,249.0352941,882
,,,,,,,,,,,,,,,,,,,,,,,,,,,,,,
9/7/23,0,0,,,,,0,,,,0,,,,,,0,,,,,,0,,0,,,,,
Totals,,0,,,,,0,,,,0,,,,,,0,,,,,,0,0,0,0.57081448,90,2.75,141.2765837,882
,,,,,,,,,,,,,,,,,,,,,,,,,,,,,,
9/8/23,12:55,2,Sk,8:30,12:50,4:20,4.33,RB,Prince George,2,4,,,,,,0,,,,,,8.67,,4,,,,,
9/8/23,13:00,4,Sk,11:00,13:00,2:00,2.00,CD,Prince George,2,16,,,,,,0,,,,,,8.00,,16,,,,,
9/8/23,13:35,2,Sk,10:00,13:30,3:30,3.50,CD,Prince George,2,1,,,,,,0,,,,,,7.00,,1,,,,,
9/8/23,16:00,2,Sk,8:00,17:50,9:50,9.83,GM,Prince George,2,4,,,,,,0,,,,,,19.67,,4,,,,,
Totals,4.00,10,,,,,19.67,,,,25,,,,,,0,,,,,,43.33,0.577,25.00,0.577,78,2.5,112.5,390
,,,,,,,,,,,,,,,,,,,,,,,,,,,,,,
9/9/23,10:30,2,Sk,7:00,10:45,3:45,3.75,GM,Prince George,2,4,,,,,,0,,,,,,7.50,,4,,,,,
9/9/23,11:17,2,Sk,8:00,11:10,3:10,3.17,GM,Granisle,2,0,,,,,,0,,,,,,6.33,,0,,,,,
9/9/23,12:47,5,Sk,8:00,12:45,4:45,4.75,RB,Smithers,1,10,,,,,,0,,,,,,23.75,,10,,,,,
9/9/23,15:17,2,Sk,9:00,15:15,6:15,6.25,GM,Telkwa,1,4,,,,,,0,,,,,,12.50,,4,,,,,
9/9/23,15:50,3,Sk,11:00,15:30,4:30,4.50,RB,Smithers,1,3,,,,,,0,,,,,,13.50,,3,,,,,
9/9/23,17:00,3,Sk,15:00,17:00,2:00,2.00,CD,Prince George,2,0,,,,,,0,1,,,,,6.00,,0,,,,,
Totals,6.00,17,,,,,24.42,,,,21,,,,,,0,,,,,,69.58,0.302,21.00,0.302,114,2.833333333,97.48023952,646
,,,,,,,,,,,,,,,,,,,,,,,,,,,,,,
9/10/23,12:00,6,Sk,10:00,12:00,2:00,2.00,CD,Houston,2,12,,,,,,0,,,,,,12.00,,12,,,,,
9/10/23,12:08,2,Sk,7:30,12:00,4:30,4.50,RB,Prince Geo,2,7,,,,,,0,,,,,,9.00,,7,,,,,
9/10/23,13:00,2,Sk,10:00,13:00,3:00,3.00,CD,Alberta,2,8,,,,,,0,,,,,,6.00,,8,,,,,
9/10/23,18:30,4,Sk,15:00,18:30,3:30,3.50,CD,Houston,1,8,,,,,,0,,,,,,14.00,,8,,,,,
Totals,4.00,14,,,,,13.00,,,,35,,,,,,0,,,,,,41.00,0.854,35.00,0.854,84,3.5,250.9756098,588
,,,,,,,,,,,,,,,,,,,,,,,,0.343,,,,,,
9/11/23,0:00,0,,,,,0,,,,,,,,,,,,,,,,,,,0.577727472,18,3.166666667,32.9304659,81527
9/12/23,,,,,,,0,,,,,,,,,,,,,,,,,,,,,,,
9/13/23,,,,,,,,,,,,,,,,,,,,,,,,,,,,,,
9/14/23,0,0,,,,,,,,,,,,,,,,,,,,,,,,0.577727472,18,3.166666667,32.9304659,
9/15/23,0,0,,,,,,,,,,,,,,,,,,,,,,,,,,,,
,,,,,,,,,,,,,,,,,,,,,,,,,,,,,,
TOTALS,,,,,,,,,,,,,,,,,,,,,,,,,,,,,13407,
,,,,,,,,,,,,,,,,,,,,,,,,,,,,,,
Potential Harvest with a bag limit of 2 Sk per day,,,,,,81527,,,,,,,,,,,,,,,,,,,,,,,,
,,,,,,,,,,,,,,,,,,,,,,,,,,,,,,
Actual Harvest with a bag limit of 2 Sk per day,,,,,,13407,,,,,,,,,,,,,,,,,,,,,,,,
,,,,,,,,,,,,,,,,,,,,,,,,,,,,,,
Angler Efficiency (No fish killed/Potential Harvest),,,,,,0.164,,,,,,,,,,,,,,,,,,,,,,,,
,,,,,,,,,,,,,,,,,,,,,,,,,,,,,,
Total Angler Hours,,,,,,7368.13,,,,,,,,,,,,,,,,,,,,,,,,
,,,,,,,,,,,,,,,,,,,,,,,,,,,,,,
,,,,,,,,,,,,,,,,,,,,,,,,,,,,,,